,Rank,Name,Revenue,revenue(% change),profits in millions,profits % change,assets,market value,change in rank in 1000,employees,change in rank(500 only),measure_up_rank
0,1,Walmart,"$559,151 ",0.067,"$13,510 ",-0.092,"$252,496 ","$382,642.80 ",-,2300000,-,20
1,2,Amazon,"$386,064 ",0.376,"$21,331 ",0.841,"$321,195 ","$1,558,069.60 ",-,1298000,-,11
2,3,Apple,"$274,515 ",0.055,"$57,411 ",0.039,"$323,888 ","$2,050,665.90 ",1,147000,1,188
3,4,CVS Health,"$268,706 ",0.046,"$7,179 ",0.082,"$230,715 ","$98,653.20 ",1,256500,1,57
4,5,UnitedHealth Group,"$257,141 ",0.062,"$15,403 ",0.113,"$197,289 ","$351,725 ",2,330000,2,25
5,6,Berkshire Hathaway,"$245,510 ",-0.036,"$42,521 ",-0.478,"$873,729 ","$587,823 ",-,360000,-,-
6,7,McKesson,"$231,051 ",0.078,$900 ,25.471,"$61,247 ","$31,044 ",1,70000,1,205
7,8,AmerisourceBergen,"$189,893.90 ",0.057,"($3,408.70)",-4.985,"$44,274.80 ","$24,169.70 ",2,21500,2,120
8,9,Alphabet,"$182,527 ",0.128,"$40,269 ",0.173,"$319,616 ","$1,392,561.80 ",2,135301,2,215
9,10,Exxon Mobil,"$181,502 ",-0.315,"($22,440)",-2.565,"$332,750 ","$236,355.40 ",-7,72000,-7,327
10,11,AT&T,"$171,760 ",-0.052,"($5,176)",-1.372,"$525,761 ","$215,878.50 ",-2,230760,-2,26
11,12,Costco Wholesale,"$166,761 ",0.092,"$4,002 ",0.094,"$55,556 ","$155,984.30 ",2,214500,2,123
12,13,Cigna,"$160,401 ",0.045,"$8,458 ",0.657,"$155,451 ","$83,976.10 ",-,72963,-,179
13,14,Cardinal Health,"$152,922 ",0.051,"($3,696)",-3.712,"$40,766 ","$17,840.30 ",2,48000,2,64
14,15,Microsoft,"$143,015 ",0.136,"$44,281 ",0.128,"$301,311 ","$1,778,228.20 ",6,163000,6,1
15,16,Walgreens Boots Alliance,"$139,537 ",0.02,$456 ,-0.885,"$87,174 ","$47,455.30 ",3,277000,3,19
16,17,Kroger,"$132,498 ",0.084,"$2,585 ",0.558,"$48,662 ","$27,064.30 ",6,465000,6,190
17,18,Home Depot,"$132,110 ",0.199,"$12,866 ",0.144,"$70,581 ","$328,775.40 ",8,504800,8,66
18,19,JPMorgan Chase,"$129,503 ",-0.091,"$29,131 ",-0.2,"$3,386,071 ","$464,530.80 ",-2,255351,-2,54
19,20,Verizon Communications,"$128,292 ",-0.027,"$17,801 ",-0.076,"$316,481 ","$240,633.30 ",-,132200,-,7
20,21,Ford Motor,"$127,144 ",-0.184,"($1,279)",-28.213,"$267,261 ","$48,739 ",-9,186000,-9,207
21,22,General Motors,"$122,485 ",-0.107,"$6,427 ",-0.045,"$235,194 ","$82,794.90 ",-4,155000,-4,156
22,23,Anthem,"$121,867 ",0.169,"$4,572 ",-0.049,"$86,615 ","$87,908.90 ",6,83400,6,18
23,24,Centene,"$111,115 ",0.489,"$1,808 ",0.369,"$68,719 ","$37,169.60 ",18,71300,18,2
24,25,Fannie Mae,"$106,437 ",-0.115,"$11,805 ",-0.166,"$3,985,749 ","$2,397.20 ",-1,7700,-1,343
25,26,Comcast,"$103,564 ",-0.049,"$10,534 ",-0.193,"$273,869 ","$247,859.30 ",2,168000,2,88
26,27,Chevron,"$94,692 ",-0.354,"($5,543)",-2.896,"$239,790 ","$201,865 ",-12,47736,-12,56
27,28,Dell Technologies,"$94,224 ",0.022,"$3,250 ",-0.296,"$123,415 ","$67,229.10 ",6,158000,6,142
28,29,Bank of America,"$93,753 ",-0.175,"$17,894 ",-0.348,"$2,819,627 ","$333,788.40 ",-4,212505,-4,10
29,30,Target,"$93,561 ",0.198,"$4,368 ",0.331,"$51,248 ","$98,760.90 ",7,409000,7,3
30,31,Lowe's,"$89,597 ",0.242,"$5,835 ",0.363,"$46,735 ","$136,407.90 ",13,280000,13,175
31,32,Marathon Petroleum,"$88,952 ",-0.287,"($9,826)",-4.726,"$85,158 ","$34,873.80 ",-10,57900,-10,181
32,33,Citigroup,"$88,839 ",-0.141,"$11,047 ",-0.431,"$2,260,090 ","$151,806.40 ",-2,210153,-2,17
33,34,Meta Platforms,"$85,965 ",0.216,"$29,146 ",0.577,"$159,316 ","$838,724.20 ",12,58604,12,44
34,35,United Parcel Service,"$84,628 ",0.142,"$1,343 ",-0.698,"$62,408 ","$147,791.60 ",8,408255,8,105
35,36,Johnson & Johnson,"$82,584 ",0.006,"$14,714 ",-0.027,"$174,894 ","$432,685.30 ",-1,134500,-1,51
36,37,Wells Fargo,"$80,303 ",-0.227,"$3,301 ",-0.831,"$1,955,163 ","$161,521 ",-7,268531,-7,13
37,38,General Electric,"$79,619 ",-0.164,"$5,704 ",-,"$253,452 ","$115,342.50 ",-5,184000,-5,306
38,39,State Farm Insurance,"$78,898 ",-0.006,"$3,738.90 ",-0.331,"$299,104.50 ",-,-3,57582,-3,-
39,40,Intel,"$77,867 ",0.082,"$20,899 ",-0.007,"$153,091 ","$260,630.10 ",5,110600,5,6
40,41,Humana,"$77,155 ",0.189,"$3,367 ",0.244,"$34,969 ","$54,087.70 ",11,48700,11,48
41,42,International Business Machines,"$73,620 ",-0.046,"$5,590 ",-0.407,"$155,971 ","$119,080.30 ",-4,364800,-4,91
42,43,Procter & Gamble,"$70,950 ",0.048,"$13,027 ",2.343,"$120,700 ","$333,493.10 ",7,99000,7,127
43,44,PepsiCo,"$70,372 ",0.048,"$7,120 ",-0.027,"$92,918 ","$195,207.70 ",7,291000,7,58
44,45,FedEx,"$69,217 ",-0.007,"$1,286 ",1.381,"$73,537 ","$75,367.80 ",2,418000,2,125
45,46,MetLife,"$67,842 ",-0.026,"$5,407 ",-0.083,"$795,146 ","$53,762.60 ",2,46500,2,23
46,47,Freddie Mac,"$66,228 ",-0.118,"$7,326 ",0.016,"$2,627,415 ","$1,332.60 ",-6,6922,-6,256
47,48,Phillips 66,"$65,494 ",-0.402,"($3,975)",-2.292,"$54,721 ","$35,703.60 ",-21,14300,-21,283
48,49,Lockheed Martin,"$65,398 ",0.093,"$6,833 ",0.097,"$50,710 ","$102,984.20 ",8,114000,8,160
49,50,Walt Disney,"$65,388 ",-0.06,"($2,864)",-1.259,"$201,549 ","$334,952.50 ",-1,203000,-1,41
50,51,Archer Daniels Midland (ADM),"$64,355 ",-0.005,"$1,772 ",0.285,"$49,719 ","$31,834.50 ",3,38332,3,128
51,52,Albertsons,"$62,455.10 ",0.032,$466.40 ,2.558,"$24,735.10 ","$8,877.70 ",3,270000,3,-
52,53,Valero Energy,"$60,115 ",-0.415,"($1,421)",-1.587,"$51,774 ","$29,267.20 ",-21,9964,-21,239
53,54,Boeing,"$58,158 ",-0.24,"($11,873)",-,"$152,136 ","$148,664.80 ",-14,141000,-14,256
54,55,Prudential Financial,"$57,033 ",-0.12,($374),-1.089,"$940,722 ","$36,022.40 ",-2,41671,-2,189
55,56,HP,"$56,639 ",-0.036,"$2,844 ",-0.098,"$34,681 ","$39,579.50 ",2,53000,2,71
56,57,Raytheon Technologies,"$56,587 ",-0.266,"($3,519)",-1.636,"$162,153 ","$117,143.90 ",-18,181000,-18,-
57,58,StoneX,"$54,139.60 ",0.646,$169.60 ,0.993,"$13,474.90 ","$1,284.40 ",42,2950,42,454
58,59,Goldman Sachs Group,"$53,498 ",-0.008,"$9,459 ",0.117,"$1,163,028 ","$116,903 ",1,40500,1,46
59,60,Sysco,"$52,893.30 ",-0.12,$215.50 ,-0.871,"$22,628.30 ","$40,189.80 ",-4,57000,-4,115
60,61,Morgan Stanley,"$52,047 ",-0.033,"$10,996 ",0.216,"$1,115,862 ","$146,161.90 ",-,68097,-,47
61,62,HCA Healthcare,"$51,533 ",0.004,"$3,754 ",0.071,"$47,490 ","$63,458.70 ",3,235000,3,311
62,63,Cisco Systems,"$49,301 ",-0.05,"$11,214 ",-0.035,"$94,853 ","$218,308.50 ",-,77500,-,80
63,64,Charter Communications,"$48,097 ",0.051,"$3,222 ",0.932,"$144,206 ","$128,965.70 ",7,96100,7,162
64,65,Merck,"$47,994 ",0.025,"$7,067 ",-0.282,"$91,588 ","$195,062 ",4,73500,4,35
65,66,Best Buy,"$47,262 ",0.083,"$1,798 ",0.167,"$19,067 ","$28,707.70 ",9,81600,9,137
66,67,New York Life Insurance,"$46,712.40 ",0.059,($822.30),-1.819,"$359,312.50 ",-,6,11506,6,186
67,68,AbbVie,"$45,804 ",0.377,"$4,616 ",-0.414,"$150,565 ","$190,989.40 ",31,47000,31,77
68,69,Publix Super Markets,"$45,204 ",0.175,"$3,971.80 ",0.322,"$28,094.10 ",-,18,227000,18,-
69,70,Allstate,"$44,791 ",0.003,"$5,576 ",0.15,"$125,987 ","$34,800.20 ",2,42010,2,8
70,71,Liberty Mutual Insurance Group,"$43,796 ",0.013,$758 ,-0.274,"$145,377 ",-,6,45000,6,230
71,72,American International Group,"$43,736 ",-0.121,"($5,944)",-2.775,"$586,481 ","$39,848.90 ",-6,45000,-6,343
72,73,Tyson Foods,"$43,185 ",0.018,"$2,061 ",0.041,"$34,456 ","$27,099.60 ",6,139000,6,220
73,74,Progressive,"$42,658.10 ",0.093,"$5,704.60 ",0.437,"$64,098.30 ","$55,946.50 ",12,43326,12,16
74,75,Bristol-Myers Squibb,"$42,518 ",0.626,"($9,015)",-3.621,"$118,481 ","$141,027.90 ",40,30250,40,-
75,76,Nationwide,"$41,929.80 ",-0.047,($138.40),-1.167,"$256,589.30 ",-,-2,25391,-2,-
76,77,Pfizer,"$41,908 ",-0.19,"$9,616 ",-0.409,"$154,229 ","$202,096.90 ",-13,78500,-13,203
77,78,Caterpillar,"$41,748 ",-0.224,"$2,998 ",-0.508,"$78,324 ","$126,439.60 ",-16,97300,-16,139
78,79,TIAA,"$41,619.30 ",0.029,$558.10 ,-0.773,"$654,252 ",-,2,14953,2,-
79,80,Oracle,"$39,068 ",-0.011,"$10,135 ",-0.086,"$115,438 ","$202,337.70 ",2,135000,2,365
80,81,Energy Transfer,"$38,954 ",-0.281,($648),-1.18,"$95,144 ","$20,754.70 ",-22,11421,-22,363
81,82,Dow,"$38,542 ",-0.103,"$1,225 ",-,"$61,470 ","$47,649.70 ",-4,35700,-4,133
82,83,American Express,"$38,185 ",-0.188,"$3,135 ",-0.536,"$191,367 ","$113,635.80 ",-16,63700,-16,29
83,84,General Dynamics,"$37,925 ",-0.036,"$3,167 ",-0.091,"$51,308 ","$51,481.90 ",-1,100700,-1,157
84,85,Nike,"$37,403 ",-0.044,"$2,539 ",-0.37,"$31,342 ","$209,499.80 ",-,75400,-,12
85,86,Northrop Grumman,"$36,799 ",0.087,"$3,189 ",0.419,"$44,469 ","$53,956.70 ",10,97000,10,111
86,87,USAA,"$36,296.20 ",0.019,"$3,906.90 ",-0.025,"$200,348.40 ",-,7,35935,7,245
87,88,Deere,"$35,540 ",-0.095,"$2,751 ",-0.154,"$75,091 ","$117,270 ",-4,69634,-4,168
88,89,Abbott Laboratories,"$34,608 ",0.085,"$4,495 ",0.219,"$72,548 ","$212,300.10 ",15,109000,15,62
89,90,Northwestern Mutual,"$33,782.10 ",0.046,$425 ,-0.665,"$308,767 ",-,12,6641,12,-
90,91,Dollar General,"$33,746.80 ",0.216,"$2,655.10 ",0.55,"$25,862.60 ","$48,479.70 ",21,158000,21,343
91,92,Exelon,"$33,039 ",-0.041,"$1,963 ",-0.331,"$129,317 ","$42,723.50 ",3,32340,3,217
92,93,Coca-Cola,"$33,014 ",-0.114,"$7,747 ",-0.132,"$87,296 ","$227,143.80 ",-5,80300,-5,262
93,94,Honeywell International,"$32,637 ",-0.111,"$4,779 ",-0.222,"$64,586 ","$150,972.40 ",-2,103000,-2,321
94,95,Thermo Fisher Scientific,"$32,218 ",0.261,"$6,375 ",0.725,"$69,052 ","$179,719.40 ",24,84362,24,278
95,96,3M,"$32,184 ",0.001,"$5,384 ",0.178,"$47,344 ","$111,642.10 ",7,94987,7,106
96,97,TJX,"$32,137 ",-0.23,$90.50 ,-0.972,"$30,813.60 ","$79,774.90 ",-17,320000,-17,36
97,98,Travelers,"$31,981 ",0.013,"$2,697 ",0.029,"$116,764 ","$37,933 ",8,30294,8,173
98,99,Capital One Financial,"$31,643 ",-0.063,"$2,714 ",-0.511,"$421,602 ","$58,097 ",-2,51985,-2,34
99,100,Tesla,"$31,536 ",0.283,$721 ,-,"$52,148 ","$641,115 ",24,70757,24,172
100,101,Philip Morris International,"$28,694 ",-0.037,"$8,056 ",0.121,"$44,815 ","$138,302.40 ",6,71000,6,67
101,102,Arrow Electronics,"$28,673.40 ",-0.008,$584.40 ,-,"$17,053.90 ","$8,267.50 ",8,19600,8,368
102,103,CHS,"$28,406.40 ",-0.11,$422.40 ,-0.491,"$15,993.90 ",-,2,10493,2,-
103,104,Jabil,"$27,266.40 ",0.078,$53.90 ,-0.812,"$14,397.40 ","$7,833.20 ",17,240000,17,301
104,105,Enterprise Products Partners,"$27,199.70 ",-0.17,"$3,775.60 ",-0.178,"$64,106.70 ","$48,038.80 ",-4,7130,-4,451
105,106,Hewlett Packard Enterprise,"$26,982 ",-0.074,($322),-1.307,"$54,015 ","$20,480 ",3,59400,3,84
106,107,United Natural Foods,"$26,742.80 ",0.139,($274.10),-,"$7,587 ","$1,854.40 ",26,28300,26,178
107,108,Mondelez International,"$26,581 ",0.028,"$3,555 ",-0.081,"$67,810 ","$82,651.10 ",9,79000,9,237
108,109,ViacomCBS,"$26,186 ",-0.058,"$2,422 ",-0.268,"$52,663 ","$28,853.20 ",2,24225,2,60
109,110,Kraft Heinz,"$26,185 ",0.048,$356 ,-0.816,"$99,830 ","$48,924.70 ",12,38000,12,236
110,111,Dollar Tree,"$25,509.30 ",0.08,"$1,341.90 ",0.623,"$20,696 ","$26,717.40 ",20,129772,20,112
111,112,Amgen,"$25,424 ",0.088,"$7,264 ",-0.074,"$62,948 ","$143,704.30 ",23,24300,23,152
112,113,U.S. Bancorp,"$25,241 ",-0.076,"$4,959 ",-0.283,"$553,905 ","$83,107.40 ",-,68108,-,185
113,114,Performance Food Group,"$25,086.30 ",0.271,($114.10),-1.684,"$7,719.70 ","$7,705.30 ",54,20000,54,454
114,115,Netflix,"$24,996.10 ",0.24,"$2,761.40 ",0.479,"$39,280.40 ","$231,040.70 ",49,9400,49,166
115,116,Gilead Sciences,"$24,689 ",0.1,$123 ,-0.977,"$68,407 ","$81,372.80 ",24,13600,24,28
116,117,TD Synnex,"$24,675.60 ",0.039,$529.20 ,0.057,"$13,468.60 ","$5,874.50 ",13,277900,13,330
117,118,Eli Lilly,"$24,539.80 ",0.099,"$6,193.70 ",-0.255,"$46,633.10 ","$179,158.90 ",27,35000,27,27
118,119,Truist Financial,"$24,427 ",0.666,"$4,482 ",0.39,"$509,228 ","$78,408.50 ",98,53638,98,42
119,120,PNC Financial Services Group,"$24,039 ",0.112,"$7,517 ",0.4,"$466,679 ","$74,377.40 ",31,50403,31,-
120,121,Broadcom,"$23,888 ",0.057,"$2,960 ",0.087,"$75,933 ","$189,313.50 ",17,21000,17,320
121,122,CBRE Group,"$23,826.20 ",-0.003,$752 ,-0.414,"$18,039.10 ","$26,549.10 ",6,100000,6,126
122,123,Massachusetts Mutual Life Insurance,"$23,663.10 ",-0.365,($100.50),-1.027,"$322,936.30 ",-,-34,9974,-34,-
123,124,Qualcomm,"$23,531 ",-0.031,"$5,198 ",0.185,"$35,594 ","$150,622.20 ",2,41000,2,78
124,125,Starbucks,"$23,518 ",-0.113,$928.30 ,-0.742,"$29,374.50 ","$128,643.60 ",-11,349000,-11,299
125,126,Duke Energy,"$23,453 ",-0.049,"$1,377 ",-0.633,"$162,388 ","$74,252.50 ",-3,27535,-3,184
126,127,Plains GP Holdings,"$23,290 ",-0.308,($568),-2.716,"$25,951 ","$1,824.50 ",-29,4400,-29,452
127,128,US Foods Holding,"$22,885 ",-0.118,($226),-1.587,"$12,423 ","$8,427.50 ",-12,26000,-12,343
128,129,Lennar,"$22,488.90 ",0.01,"$2,465 ",0.333,"$29,935.20 ","$30,893.20 ",18,9495,18,399
129,130,Danaher,"$22,284 ",0.086,"$3,646 ",0.212,"$76,161 ","$160,497.20 ",31,69000,31,124
130,131,Aflac,"$22,147 ",-0.007,"$4,778 ",0.446,"$165,086 ","$35,191.40 ",15,12003,15,63
131,132,Rite Aid,"$21,928.40 ",0.012,($452.20),-,"$9,452.40 ","$1,129.90 ",18,39920,18,108
132,133,Visa,"$21,846 ",-0.049,"$10,866 ",-0.1,"$80,919 ","$452,525.40 ",4,20500,4,14
133,134,PayPal Holdings,"$21,454 ",0.207,"$4,202 ",0.709,"$70,379 ","$284,408.30 ",48,26500,48,101
134,135,Micron Technology,"$21,435 ",-0.084,"$2,687 ",-0.574,"$53,678 ","$98,678 ",-1,40000,-1,150
135,136,CarMax,"$21,424.10 ",0.119,$888.40 ,0.055,"$21,082.20 ","$21,562.70 ",37,27050,37,370
136,137,Salesforce,"$21,252 ",0.243,"$4,072 ",31.317,"$66,301 ","$195,132.30 ",53,56606,53,45
137,138,Altria Group,"$20,841 ",0.053,"$4,467 ",-,"$47,414 ","$95,090.60 ",29,7100,29,114
138,139,Lumen Technologies,"$20,712 ",-0.075,"($1,232)",-,"$59,394 ","$14,642.90 ",4,39000,4,343
139,140,Baker Hughes,"$20,705 ",-0.131,"($9,940)",-78.656,"$38,007 ","$22,494.80 ",-11,55000,-11,180
140,141,International Paper,"$20,580 ",-0.08,$482 ,-0.607,"$31,718 ","$21,240.60 ",3,49300,3,328
141,142,Hartford Financial Services Group,"$20,523 ",-0.01,"$1,737 ",-0.167,"$74,111 ","$23,863.30 ",18,18500,18,195
142,143,Penske Automotive Group,"$20,443.90 ",-0.118,$543.60 ,0.247,"$13,247.20 ","$6,485.50 ",-7,23600,-7,399
143,144,DuPont,"$20,397 ",-0.052,"($2,951)",-6.926,"$70,904 ","$41,308.10 ",8,34000,8,238
144,145,AutoNation,"$20,390 ",-0.044,$381.60 ,-0.152,"$9,887.20 ","$7,683.20 ",9,21600,9,399
145,146,Southern,"$20,375 ",-0.049,"$3,119 ",-0.342,"$122,935 ","$65,678.90 ",7,27700,7,242
146,147,World Fuel Services,"$20,358.30 ",-0.447,$109.60 ,-0.387,"$4,500.30 ","$2,222 ",-56,4300,-56,399
147,148,D.R. Horton,"$20,311.10 ",0.155,"$2,373.70 ",0.467,"$18,912.30 ","$32,413.10 ",35,9716,35,399
148,149,Nucor,"$20,139.70 ",-0.108,$721.50 ,-0.432,"$20,125.40 ","$23,975.70 ",-10,26400,-10,399
149,150,Cummins,"$19,811 ",-0.16,"$1,789 ",-0.208,"$22,624 ","$37,971.10 ",-18,57825,-18,211
150,151,NGL Energy Partners,"$19,770.90 ",-0.179,($397),-2.103,"$6,498.70 ",$263.50 ,-24,1400,-24,-
151,152,DXC Technology,"$19,577 ",-0.076,"($5,369)",-5.271,"$26,006 ","$7,958.60 ",3,138000,3,246
152,153,Union Pacific,"$19,533 ",-0.1,"$5,349 ",-0.096,"$62,398 ","$146,948.30 ",-4,30960,-4,96
153,154,Whirlpool,"$19,456 ",-0.047,"$1,081 ",-0.087,"$20,350 ","$13,831.70 ",8,78000,8,182
154,155,Molina Healthcare,"$19,423 ",0.154,$673 ,-0.087,"$9,532 ","$13,647.30 ",38,10500,38,399
155,156,ConocoPhillips,"$19,256 ",-0.475,"($2,701)",-1.376,"$62,618 ","$71,623.40 ",-63,9700,-63,169
156,157,McDonald's,"$19,207.80 ",-0.089,"$4,730.50 ",-0.215,"$52,626.80 ","$167,112.50 ",-1,200000,-1,81
157,158,Kimberly-Clark,"$19,140 ",0.037,"$2,352 ",0.09,"$17,523 ","$46,999.80 ",17,46000,17,146
158,159,Paccar,"$18,728.50 ",-0.268,"$1,298.40 ",-0.456,"$28,260 ","$32,255.80 ",-41,26000,-41,399
159,160,PG&E,"$18,469 ",0.078,"($1,318)",-,"$97,856 ","$23,240.60 ",29,24000,29,61
160,161,CDW,"$18,467.50 ",0.024,$788.50 ,0.07,"$9,344.70 ","$23,291.80 ",17,10000,17,307
161,162,Sherwin-Williams,"$18,361.70 ",0.026,"$2,030.40 ",0.317,"$20,401.60 ","$65,837.30 ",18,61031,18,163
162,163,L3Harris Technologies,"$18,194 ",0.415,"$1,119 ",-0.161,"$36,960 ","$41,664.10 ",87,48000,87,136
163,164,Macy's,"$18,097 ",-0.286,"($3,944)",-7.993,"$17,706 ","$5,028.10 ",-44,75711,-44,39
164,165,ManpowerGroup,"$18,001 ",-0.137,$23.80 ,-0.949,"$9,328.20 ","$5,434.20 ",-7,25000,-7,86
165,166,NextEra Energy,"$17,997 ",-0.063,"$2,919 ",-0.226,"$127,684 ","$148,304.90 ",6,14900,6,132
166,167,Tenet Healthcare,"$17,640 ",-0.045,$399 ,-,"$27,106 ","$5,536.50 ",7,97900,7,315
167,168,Avnet,"$17,634.30 ",-0.097,($31.10),-1.176,"$8,105.20 ","$4,128.40 ",1,14600,1,-
168,169,General Mills,"$17,626.60 ",0.045,"$2,181.20 ",0.244,"$30,806.70 ","$37,403.40 ",23,35000,23,145
169,170,WestRock,"$17,578.80 ",-0.039,($690.90),-1.801,"$28,779.70 ","$13,716.10 ",7,49300,7,326
170,171,Carrier Global,"$17,456 ",-,"$1,982 ",-,"$25,093 ","$36,701.10 ",-,56000,-,305
171,172,Lincoln National,"$17,439 ",0.01,$499 ,-0.437,"$365,948 ","$11,953.20 ",16,10966,16,343
172,173,Genuine Parts,"$17,384.40 ",-0.104,($29.10),-1.047,"$13,440.20 ","$16,691.80 ",-2,50000,-2,274
173,174,American Airlines Group,"$17,337 ",-0.621,"($8,885)",-6.27,"$62,008 ","$15,328.80 ",-104,102700,-104,68
174,175,Marsh & McLennan,"$17,224 ",0.034,"$2,016 ",0.157,"$33,049 ","$62,054.90 ",20,76000,20,117
175,176,Applied Materials,"$17,202 ",0.178,"$3,619 ",0.337,"$22,353 ","$122,599.50 ",42,24000,42,82
176,177,Becton Dickinson,"$17,117 ",-0.01,$874 ,-0.291,"$54,012 ","$70,649.70 ",10,72000,10,79
177,178,Delta Air Lines,"$17,095 ",-0.636,"($12,385)",-3.598,"$71,996 ","$30,809.70 ",-110,74000,-110,228
178,179,Lear,"$17,045.50 ",-0.14,$158.50 ,-0.79,"$13,198.60 ","$10,895.80 ",-13,174600,-13,214
179,180,Bank of New York Mellon,"$16,940 ",-0.186,"$3,617 ",-0.186,"$469,633 ","$41,471 ",-21,48500,-21,15
180,181,Emerson Electric,"$16,785 ",-0.086,"$1,965 ",-0.148,"$22,882 ","$54,134.70 ",-5,83500,-5,213
181,182,Western Digital,"$16,736 ",0.01,($250),-,"$25,662 ","$20,432 ",16,63800,16,204
182,183,Occidental Petroleum,"$16,680 ",-0.241,"($14,831)",-,"$80,064 ","$24,848.70 ",-35,11800,-35,279
183,184,Nvidia,"$16,675 ",0.527,"$4,332 ",0.549,"$28,791 ","$331,036.60 ",108,18975,108,52
184,185,Cognizant Technology Solutions,"$16,652 ",-0.008,"$1,392 ",-0.244,"$16,923 ","$41,451.60 ",9,289500,9,183
185,186,Jones Lang LaSalle,"$16,589.90 ",-0.077,$402.50 ,-0.248,"$14,316.50 ","$9,150.90 ",-7,90800,-7,103
186,187,Synchrony Financial,"$16,472 ",-0.154,"$1,385 ",-0.63,"$95,948 ","$23,740.60 ",-17,16500,-17,264
187,188,Colgate-Palmolive,"$16,471 ",0.05,"$2,695 ",0.139,"$15,920 ","$66,810.30 ",15,34200,15,153
188,189,AECOM,"$16,390.80 ",-0.188,($186.40),-,"$12,999 ","$9,469.80 ",-26,54000,-26,241
189,190,XPO Logistics,"$16,252 ",-0.024,$110 ,-0.737,"$16,169 ","$12,601.70 ",6,119750,6,377
190,191,C.H. Robinson Worldwide,"$16,207.10 ",0.059,$506.40 ,-0.122,"$5,144.30 ","$12,514.90 ",17,14888,17,209
191,192,BlackRock,"$16,205 ",0.115,"$4,932 ",0.102,"$176,982 ","$115,079.80 ",27,16500,27,22
192,193,Dominion Energy,"$16,128 ",-0.027,($401),-1.295,"$95,905 ","$61,224 ",4,17300,4,232
193,194,Rocket Companies,"$15,980.70 ",2.043,$198 ,-,"$37,534.60 ","$45,821 ",-,24000,-,272
194,195,Kohl's,"$15,955 ",-0.201,($163),-1.236,"$15,337 ","$9,394.10 ",-30,73000,-30,256
195,196,Fluor,"$15,884.20 ",-0.096,($435),-,"$7,309.80 ","$3,252.40 ",-15,43717,-15,384
196,197,DISH Network,"$15,493.40 ",0.21,"$1,762.70 ",0.259,"$38,239.90 ","$19,048.20 ",54,13500,54,385
197,198,BJ's Wholesale Club,"$15,430 ",0.17,$421 ,1.249,"$5,411.50 ","$6,156.50 ",45,32000,45,399
198,199,Tenneco,"$15,379 ",-0.119,"($1,521)",-,"$11,852 ",$875.70 ,-14,73000,-14,276
199,200,United Airlines Holdings,"$15,355 ",-0.645,"($7,069)",-3.349,"$59,548 ","$18,325.10 ",-124,74400,-124,386
200,201,Mastercard,"$15,301 ",-0.094,"$6,411 ",-0.21,"$33,584 ","$353,686.70 ",-10,21000,-10,32
201,202,Waste Management,"$15,218 ",-0.015,"$1,496 ",-0.104,"$29,345 ","$54,451.70 ",5,48250,5,83
202,203,PBF Energy,"$15,115.90 ",-0.383,"($1,392.40)",-5.359,"$10,499.80 ","$1,699.50 ",-78,3729,-78,399
203,204,American Electric Power,"$14,918.50 ",-0.041,"$2,200.10 ",0.145,"$80,757.20 ","$42,067.30 ",-,16787,-,122
204,205,Fiserv,"$14,852 ",0.458,$958 ,0.073,"$74,619 ","$79,692.50 ",106,44000,106,343
205,206,Principal Financial,"$14,741.70 ",-0.091,"$1,395.80 ",0.001,"$296,627.70 ","$16,345.90 ",-5,17400,-5,121
206,207,Reinsurance Group of America,"$14,596 ",0.021,$415 ,-0.523,"$84,656 ","$8,568 ",18,3600,18,231
207,208,Automatic Data Processing,"$14,589.80 ",0.029,"$2,466.50 ",0.076,"$39,165.50 ","$80,653.90 ",19,58000,19,131
208,209,Stanley Black & Decker,"$14,534.60 ",0.006,"$1,233.80 ",0.291,"$23,566.30 ","$32,152.40 ",11,58350,11,296
209,210,Texas Instruments,"$14,461 ",0.005,"$5,595 ",0.115,"$19,351 ","$174,439.30 ",12,30000,12,138
210,211,Halliburton,"$14,445 ",-0.355,"($2,945)",-,"$20,680 ","$19,070.10 ",-69,40000,-69,248
211,212,Stryker,"$14,351 ",-0.036,"$1,599 ",-0.232,"$34,330 ","$91,665.10 ",2,43000,2,256
212,213,Est√©e Lauder,"$14,294 ",-0.038,$684 ,-0.617,"$17,781 ","$105,508.60 ",2,48000,2,21
213,214,Corteva,"$14,217 ",0.027,$681 ,-,"$42,649 ","$34,528.50 ",20,21000,20,343
214,215,Freeport-McMoRan,"$14,198 ",-0.014,$599 ,-,"$42,144 ","$48,027.80 ",6,24500,6,302
215,216,Qurate Retail,"$14,177 ",0.053,"$1,204 ",-,"$16,999 ","$4,880.50 ",23,26424,23,-
216,217,Wayfair,"$14,145.20 ",0.55,$185 ,-,"$4,569.90 ","$32,644.70 ",131,16122,131,399
217,218,Laboratory Corp. of America,"$13,978.50 ",0.21,"$1,556.10 ",0.889,"$20,071.70 ","$24,890.90 ",56,68780,56,343
218,219,Land O'Lakes,"$13,948.90 ",0.004,$264.90 ,0.287,"$9,186 ",-,13,9000,13,-
219,220,PPG Industries,"$13,834 ",-0.087,"$1,059 ",-0.148,"$19,556 ","$35,603.60 ",-11,46900,-11,341
220,221,Gap,"$13,800 ",-0.158,($665),-2.895,"$13,769 ","$11,164.90 ",-22,117000,-22,4
221,222,Kellogg,"$13,770 ",0.014,"$1,251 ",0.303,"$17,996 ","$21,544.50 ",15,31000,15,268
222,223,Parker-Hannifin,"$13,695.50 ",-0.044,"$1,206.30 ",-0.202,"$19,738.20 ","$40,716.10 ",1,50520,1,399
223,224,Core-Mark Holding,"$13,617.10 ",0.022,$63.20 ,0.095,"$1,954.70 ","$1,747.30 ",16,7534,16,399
224,225,Jacobs Engineering Group,"$13,578.20 ",-0.122,$491.80 ,-0.42,"$12,354.40 ","$16,816.20 ",-19,53500,-19,199
225,226,Edison International,"$13,578 ",0.1,$739 ,-0.424,"$69,372 ","$22,229.30 ",33,13209,33,38
226,227,Guardian Life Ins. Co. of America,"$13,561.50 ",0.006,$23.50 ,-0.965,"$85,424.70 ",-,11,8871,11,-
227,228,Biogen,"$13,444.60 ",-0.065,"$4,000.60 ",-0.321,"$24,618.90 ","$42,615.90 ",-5,9100,-5,5
228,229,Omnicom Group,"$13,171.10 ",-0.119,$945.40 ,-0.294,"$27,647.20 ","$15,946.20 ",-18,64100,-18,53
229,230,Unum Group,"$13,162.10 ",0.097,$793 ,-0.279,"$70,625.80 ","$5,669.80 ",36,10500,36,149
230,231,Lithia Motors,"$13,124.30 ",0.036,$470.30 ,0.732,"$7,902.10 ","$10,467 ",21,14538,21,285
231,232,American Family Insurance Group,"$13,074.50 ",0.035,$403.20 ,-0.116,"$33,941.80 ",-,22,13225,22,-
232,233,Discover Financial Services,"$12,953 ",-0.074,"$1,141 ",-0.614,"$112,889 ","$29,099.70 ",-2,17600,-2,24
233,234,Adobe,"$12,868 ",0.152,"$5,260 ",0.782,"$24,284 ","$227,226.90 ",51,22516,51,73
234,235,Aramark,"$12,829.60 ",-0.209,($461.50),-2.029,"$15,712.70 ","$9,595.30 ",-35,209325,-35,314
235,236,Otis Worldwide,"$12,756 ",-,$906 ,-,"$10,710 ","$29,418.40 ",-,69000,-,140
236,237,Ecolab,"$12,748.70 ",-0.145,"($1,205.10)",-1.773,"$18,126 ","$61,240.70 ",-24,44000,-24,147
237,238,AutoZone,"$12,632 ",0.065,"$1,733 ",0.072,"$14,423.90 ","$30,946.30 ",30,80000,30,90
238,239,Loews,"$12,583 ",-0.157,($931),-1.999,"$80,236 ","$13,698.30 ",-27,12200,-27,399
239,240,Illinois Tool Works,"$12,574 ",-0.109,"$2,109 ",-0.163,"$15,612 ","$70,106.70 ",-11,43000,-11,107
240,241,Fidelity National Information Services,"$12,552 ",0.215,$158 ,-0.47,"$83,842 ","$87,336.90 ",62,62000,62,229
241,242,Ross Stores,"$12,531.60 ",-0.219,$85.40 ,-0.949,"$12,717.90 ","$42,750.70 ",-40,93700,-40,273
242,243,Peter Kiewit Sons',"$12,463 ",0.212,$826 ,0.971,"$6,440 ",-,64,27000,64,-
243,244,Equitable Holdings,"$12,415 ",0.294,($648),-,"$275,397 ","$14,207.50 ",89,12400,89,94
244,245,WESCO International,"$12,326 ",0.475,$100.60 ,-0.55,"$11,880.20 ","$4,340.50 ",134,18000,134,322
245,246,Goodyear Tire & Rubber,"$12,321 ",-0.164,"($1,254)",-,"$16,506 ","$4,099.10 ",-30,62000,-30,343
246,247,Fox,"$12,303 ",0.08,$999 ,-0.374,"$21,750 ","$21,022.20 ",33,9000,33,102
247,248,Leidos Holdings,"$12,297 ",0.108,$628 ,-0.058,"$12,511 ","$13,608.80 ",41,39000,41,280
248,249,Consolidated Edison,"$12,246 ",-0.026,"$1,101 ",-0.18,"$62,895 ","$25,613 ",7,14071,7,70
249,250,DTE Energy,"$12,177 ",-0.039,"$1,368 ",0.17,"$45,496 ","$25,792.80 ",3,10600,3,154
250,251,Charles Schwab,"$12,109 ",0.027,"$3,299 ",-0.109,"$549,009 ","$122,691.20 ",20,32000,20,218
251,252,State Street,"$12,078 ",-0.08,"$2,420 ",0.079,"$314,706 ","$29,553.60 ",-8,39439,-8,30
252,253,Ameriprise Financial,"$11,958 ",-0.087,"$1,534 ",-0.19,"$165,883 ","$27,103.50 ",-8,12300,-8,275
253,254,Viatris,"$11,946 ",-,($669.90),-,"$61,553 ","$16,862.90 ",-,45000,-,167
254,255,Sempra Energy,"$11,940 ",-0.04,"$3,932 ",0.79,"$66,623 ","$40,132.80 ",3,14706,3,43
255,256,Farmers Insurance Exchange,"$11,869.70 ",-0.057,($116.40),-3.105,"$17,853.30 ",-,-1,10004,-1,-
256,257,Bath & Body Works,"$11,846.90 ",-0.083,$844.50 ,-,"$11,571 ","$17,247.50 ",-9,57350,-9,307
257,258,W.W. Grainger,"$11,797 ",0.027,$695 ,-0.181,"$6,295 ","$20,985.10 ",20,22450,20,74
258,259,Community Health Systems,"$11,789 ",-0.108,$511 ,-,"$16,006 ","$1,752.40 ",-18,62500,-18,288
259,260,Ball,"$11,781 ",0.027,$585 ,0.034,"$18,252 ","$27,800.50 ",19,21500,19,225
260,261,Berry Global Group,"$11,709 ",0.319,$559 ,0.384,"$16,701 ","$8,221.10 ",97,47000,97,300
261,262,Kinder Morgan,"$11,700 ",-0.114,$119 ,-0.946,"$71,973 ","$37,703.10 ",-20,10524,-20,271
262,263,VF,"$11,688.10 ",-0.157,$679.40 ,-0.461,"$11,133.30 ","$31,305.80 ",-30,48000,-30,50
263,264,Baxter International,"$11,673 ",0.027,"$1,102 ",0.101,"$20,019 ","$42,656.80 ",18,50000,18,40
264,265,Textron,"$11,651 ",-0.145,$309 ,-0.621,"$15,443 ","$12,726 ",-29,33000,-29,159
265,266,LKQ,"$11,628.80 ",-0.07,$638.40 ,0.18,"$12,360.50 ","$12,801.20 ",-9,44000,-9,392
266,267,Keurig Dr Pepper,"$11,618 ",0.045,"$1,325 ",0.057,"$49,779 ","$48,367.80 ",21,27000,21,335
267,268,O'Reilly Automotive,"$11,604.50 ",0.143,"$1,752.30 ",0.26,"$11,596.60 ","$35,460.80 ",46,70179,46,399
268,269,Crown Holdings,"$11,575 ",-0.008,$579 ,0.135,"$16,670 ","$13,091.90 ",3,33264,3,393
269,270,Universal Health Services,"$11,558.90 ",0.016,$944 ,0.158,"$13,476.90 ","$11,350.60 ",11,78550,11,399
270,271,DaVita,"$11,550.60 ",-0.181,$773.60 ,-0.046,"$16,988.50 ","$11,790 ",-41,67000,-41,135
271,272,Xcel Energy,"$11,526 ",-,"$1,473 ",0.074,"$53,957 ","$35,759 ",4,11367,4,219
272,273,Newmont,"$11,497 ",0.18,"$2,829 ",0.009,"$41,369 ","$48,282.70 ",55,14300,55,277
273,274,Vistra,"$11,443 ",-0.031,$636 ,-0.315,"$25,208 ","$8,512 ",-4,5365,-4,224
274,275,IQVIA Holdings,"$11,359 ",0.024,$279 ,0.461,"$24,564 ","$37,034.40 ",15,70000,15,254
275,276,eBay,"$11,351 ",0.051,"$5,667 ",2.173,"$19,310 ","$41,670.50 ",19,12700,19,113
276,277,Corning,"$11,303 ",-0.017,$512 ,-0.467,"$30,775 ","$33,466.30 ",-,50110,-,249
277,278,Quanta Services,"$11,202.70 ",-0.075,$445.60 ,0.108,"$8,398.30 ","$12,173.40 ",-17,35800,-17,399
278,279,HollyFrontier,"$11,183.60 ",-0.36,($601.40),-1.779,"$11,506.90 ","$5,811.20 ",-95,3891,-95,399
279,280,Bed Bath & Beyond,"$11,158.60 ",-0.072,($613.80),-,"$7,790.50 ","$3,533.40 ",-15,55000,-15,364
280,281,Uber Technologies,"$11,139 ",-0.213,"($6,768)",-,"$33,252 ","$101,438 ",-53,22800,-53,37
281,282,Mutual of Omaha Insurance,"$11,098.40 ",0.061,$698.10 ,1.572,"$47,294 ",-,18,5526,18,-
282,283,Conagra Brands,"$11,054.40 ",0.159,$840.10 ,0.239,"$22,304 ","$18,370.60 ",51,16500,51,289
283,284,PulteGroup,"$11,036.10 ",0.081,"$1,406.80 ",0.384,"$12,205.50 ","$13,869.10 ",25,5249,25,399
284,285,EOG Resources,"$11,032 ",-0.365,($604.60),-1.221,"$35,804.60 ","$42,331.90 ",-99,2900,-99,324
285,286,Group 1 Automotive,"$10,851.80 ",-0.099,$286.50 ,0.647,"$5,089.40 ","$2,855.30 ",-22,12337,-22,399
286,287,Ally Financial,"$10,780 ",-0.072,"$1,085 ",-0.367,"$182,165 ","$16,875.60 ",-14,9500,-14,222
287,288,Fidelity National Financial,"$10,778 ",0.273,"$1,427 ",0.344,"$50,455 ","$11,838.90 ",87,27058,87,318
288,289,Nordstrom,"$10,715 ",-0.31,($690),-2.391,"$9,538 ","$5,974.80 ",-84,62000,-84,49
289,290,Discovery,"$10,671 ",-0.042,"$1,219 ",-0.411,"$34,087 ","$19,355.90 ",-3,9800,-3,317
290,291,Tractor Supply,"$10,620.40 ",0.272,$749 ,0.332,"$7,049.10 ","$20,576.80 ",89,32000,89,251
291,292,CSX,"$10,583 ",-0.113,"$2,765 ",-0.17,"$39,793 ","$73,230.60 ",-25,19282,-25,378
292,293,Marriott International,"$10,571 ",-0.496,($267),-1.21,"$24,701 ","$48,220.20 ",-136,121000,-136,31
293,294,FirstEnergy,"$10,435 ",-0.038,"$1,079 ",0.183,"$44,464 ","$18,871.60 ",-,12153,-,379
294,295,BorgWarner,"$10,165 ",-,$500 ,-0.33,"$16,029 ","$11,081 ",17,49700,17,295
295,295,Jones Financial (Edward Jones),"$10,165 ",0.067,"$1,285 ",0.177,"$28,320 ",-,41,50000,41,293
296,297,Republic Services,"$10,153.60 ",-0.014,$967.20 ,-0.099,"$23,434 ","$31,682.50 ",8,35000,8,304
297,298,Henry Schein,"$10,119.10 ",-0.018,$403.80 ,-0.419,"$7,772.50 ","$9,850.70 ",6,19000,6,298
298,299,Expeditors Intl. of Washington,"$10,116.50 ",0.237,$696.10 ,0.179,"$4,927.50 ","$18,166.70 ",90,17480,90,399
299,300,Entergy,"$10,113.60 ",-0.07,"$1,388.30 ",0.119,"$58,239.20 ","$20,000.30 ",-7,13400,-7,371
300,301,Advance Auto Parts,"$10,106.30 ",0.041,$493 ,0.013,"$11,839.60 ","$12,006.10 ",29,54000,29,338
301,302,Assurant,"$10,094.80 ",0.001,$441.80 ,0.155,"$44,649.90 ","$8,208.90 ",13,13850,13,97
302,303,Pacific Life,"$10,062 ",-0.151,($671),-1.926,"$190,672 ",-,-34,4083,-34,-
303,304,Lam Research,"$10,044.70 ",0.041,"$2,251.80 ",0.028,"$14,559 ","$85,064.70 ",27,11300,27,227
304,305,Boston Scientific,"$9,913 ",-0.077,($82),-1.017,"$30,777 ","$54,903 ",-9,38000,-9,59
305,306,Altice USA,"$9,894.60 ",0.014,$436.20 ,2.139,"$33,376.70 ","$15,393.70 ",21,8900,21,399
306,307,Norfolk Southern,"$9,789 ",-0.133,"$2,013 ",-0.26,"$37,962 ","$67,418 ",-24,20156,-24,234
307,308,Sonic Automotive,"$9,767 ",-0.066,($51.40),-1.357,"$3,746 ","$2,038 ",-7,8100,-7,454
308,309,Advanced Micro Devices,"$9,763 ",0.45,"$2,490 ",6.302,"$8,962 ","$95,346.70 ",139,12600,139,313
309,310,United States Steel,"$9,741 ",-0.247,"($1,165)",-,"$12,059 ","$7,034 ",-63,23350,-63,343
310,311,Markel,"$9,735.10 ",0.022,$816 ,-0.544,"$41,710.10 ","$15,699.60 ",24,18900,24,343
311,312,ODP,"$9,710 ",-0.088,($319),-4.222,"$5,558 ","$2,317.10 ",-15,37000,-15,340
312,313,AES,"$9,660 ",-0.052,$46 ,-0.848,"$34,603 ","$18,180.20 ",-3,8162,-3,284
313,314,Molson Coors Beverage,"$9,654 ",-0.087,($949),-4.926,"$27,331.10 ","$11,118.20 ",-16,17000,-16,282
314,315,J.B. Hunt Transport Services,"$9,636.60 ",0.051,$506 ,-0.02,"$5,928.30 ","$17,765.80 ",31,30309,31,343
315,316,KKR,"$9,629.70 ",0.056,"$2,002.50 ",-0.001,"$79,806.50 ","$42,352.60 ",33,1583,33,-
316,317,Hormel Foods,"$9,608.50 ",0.012,$908.10 ,-0.072,"$9,908.30 ","$25,808.30 ",20,19100,20,92
317,318,Public Service Enterprise Group,"$9,603 ",-0.047,"$1,905 ",0.125,"$50,050 ","$30,411.70 ",-1,12788,-1,247
318,319,Steel Dynamics,"$9,601.50 ",-0.083,$550.80 ,-0.179,"$9,265.60 ","$10,721.50 ",-20,9625,-20,398
319,320,Dick's Sporting Goods,"$9,584 ",0.095,$530.30 ,0.783,"$7,752.90 ","$6,798.80 ",42,33450,42,192
320,321,Mohawk Industries,"$9,552.20 ",-0.042,$515.60 ,-0.307,"$14,327.80 ","$13,505.20 ",-,42000,-,376
321,322,Murphy USA,"$9,504.30 ",-0.215,$386.10 ,1.494,"$2,685.70 ","$3,900.80 ",-60,7400,-60,399
322,323,Block,"$9,497.60 ",1.015,$213.10 ,-0.432,"$9,869.60 ","$103,220.30 ",252,5477,-,191
323,324,Quest Diagnostics,"$9,437 ",0.221,"$1,431 ",0.668,"$14,026 ","$17,127.60 ",86,44500,86,75
324,325,Newell Brands,"$9,385 ",-0.069,($770),-8.223,"$14,700 ","$11,390.40 ",-9,31000,-9,104
325,326,Liberty Media,"$9,363 ",-0.09,"($1,421)",-14.406,"$44,004 ","$14,919.20 ",-20,7047,-20,325
326,327,Huntington Ingalls Industries,"$9,361 ",0.052,$696 ,0.268,"$8,157 ","$8,295.70 ",30,42000,30,343
327,328,Cheniere Energy,"$9,358 ",-0.038,($85),-1.131,"$35,697 ","$18,256.60 ",1,1519,1,141
328,329,SpartanNash,"$9,348.50 ",0.095,$75.90 ,12.221,"$2,277.40 ",$709.30 ,41,14400,41,170
329,330,Alcoa,"$9,286 ",-0.11,($170),-,"$14,860 ","$6,053.60 ",-28,12900,-28,194
330,331,AGCO,"$9,149.70 ",0.012,$427.10 ,2.411,"$8,504.20 ","$10,815.90 ",19,21426,19,399
331,332,Voya Financial,"$9,133 ",0.021,($206),-,"$180,518 ","$7,878.50 ",21,5970,21,148
332,333,NRG Energy,"$9,093 ",-0.079,$510 ,-0.885,"$14,902 ","$9,232.10 ",-9,4104,-9,266
333,334,Interpublic Group,"$9,061 ",-0.114,$351.10 ,-0.465,"$18,042.70 ","$11,407.80 ",-26,50200,-26,-
334,335,Campbell Soup,"$9,050 ",-0.087,"$1,628 ",6.716,"$12,372 ","$15,232.30 ",-13,14500,-13,76
335,336,Southwest Airlines,"$9,048 ",-0.597,"($3,074)",-2.337,"$34,588 ","$36,066.80 ",-195,56537,-195,208
336,337,News Corp.,"$9,008 ",-0.106,"($1,269)",-9.187,"$14,261 ","$14,628.80 ",-19,23500,-19,399
337,338,Eversource Energy,"$8,904.40 ",0.044,"$1,205.20 ",0.326,"$46,099.60 ","$29,728.20 ",33,9299,33,193
338,339,Alleghany,"$8,896.70 ",-0.016,$101.80 ,-0.881,"$28,927 ","$8,750.30 ",12,10407,12,372
339,340,Air Products & Chemicals,"$8,856.30 ",-0.007,"$1,886.70 ",0.072,"$25,168.50 ","$62,254 ",15,19138,15,93
340,341,Auto-Owners Insurance,"$8,853.20 ",-0.115,$829.40 ,-0.387,"$29,755.60 ",-,-21,6329,-21,-
341,342,CenterPoint Energy,"$8,835 ",-0.282,($773),-1.977,"$33,471 ","$12,493.30 ",-82,9541,-82,369
342,343,Reliance Steel & Aluminum,"$8,811.90 ",-0.197,$369.10 ,-0.474,"$8,106.80 ","$9,685.90 ",-52,13000,-52,399
343,344,EMCOR Group,"$8,797.10 ",-0.041,$132.90 ,-0.591,"$5,063.80 ","$6,146 ",-,33000,-,399
344,345,Owens & Minor,"$8,706.90 ",-0.098,$29.90 ,-,"$3,335.60 ","$2,763 ",-13,18800,-13,399
345,346,Mosaic,"$8,681.70 ",-0.025,$666.10 ,-,"$19,789.80 ","$11,983.10 ",10,12617,10,267
346,347,Erie Insurance Group,"$8,666 ",0.026,"$1,173.10 ",1.129,"$25,381.10 ",-,29,5849,29,-
347,348,Genworth Financial,"$8,658 ",-0.003,$178 ,-0.481,"$105,747 ","$1,679.20 ",16,3000,16,307
348,349,Amphenol,"$8,598.90 ",0.045,"$1,203.40 ",0.042,"$12,327.30 ","$39,526.20 ",37,80000,37,210
349,350,Builders FirstSource,"$8,558.90 ",0.176,$313.50 ,0.414,"$4,173.70 ","$9,572.20 ",75,26000,75,399
350,351,Oneok,"$8,542.20 ",-0.16,$612.80 ,-0.521,"$23,078.80 ","$22,542.90 ",-38,2886,-38,202
351,352,United Rentals,"$8,530 ",-0.088,$890 ,-0.242,"$17,868 ","$23,819 ",-12,18250,-12,233
352,353,Brighthouse Financial,"$8,503 ",0.297,"($1,061)",-,"$247,869 ","$3,866.50 ",104,1400,104,399
353,354,Regeneron Pharmaceuticals,"$8,497.10 ",0.081,"$3,513.20 ",0.66,"$17,163.30 ","$50,688.40 ",51,9123,51,174
354,355,Eastman Chemical,"$8,473 ",-0.086,$478 ,-0.37,"$16,083 ","$15,033.20 ",-12,14500,-12,171
355,356,CommScope Holding,"$8,435.90 ",0.011,($573.40),-,"$13,576.80 ","$3,124.20 ",25,30000,25,235
356,357,Ryder System,"$8,420.10 ",-0.057,($122.30),-,"$12,932 ","$4,072 ",-3,39000,-3,399
357,358,Fifth Third Bancorp,"$8,402 ",-0.142,"$1,427 ",-0.432,"$204,680 ","$26,628.60 ",-33,19872,-33,177
358,359,Constellation Brands,"$8,343.50 ",0.028,($11.80),-1.003,"$27,323.20 ","$44,247.50 ",33,9000,33,386
359,360,Insight Enterprises,"$8,340.60 ",0.079,$172.60 ,0.083,"$4,310.70 ","$3,349.50 ",49,11006,49,292
360,361,Global Partners,"$8,321.60 ",-0.364,$102.20 ,1.85,"$2,540.50 ",$726.10 ,-115,2958,-115,399
361,362,Univar Solutions,"$8,265 ",-0.125,$52.90 ,-,"$6,355 ","$3,650.60 ",-23,9457,-23,373
362,363,Yum China Holdings,"$8,263 ",-0.058,$784 ,0.1,"$10,875 ","$24,892.30 ",-2,271000,-2,294
363,364,Targa Resources,"$8,260.30 ",-0.047,"($1,553.90)",-,"$15,875.70 ","$7,259.80 ",1,2372,1,366
364,365,Intercontinental Exchange,"$8,244 ",0.259,"$2,089 ",0.081,"$126,200 ","$62,843.70 ",94,8890,94,297
365,366,Andersons,"$8,208.40 ",0.005,$7.70 ,-0.579,"$4,272.10 ",$921.90 ,24,2294,24,454
366,367,Raymond James Financial,"$8,168 ",0.018,$818 ,-0.209,"$47,482 ","$16,877.90 ",29,14800,29,386
367,368,Thor Industries,"$8,167.90 ",0.039,$223 ,0.673,"$5,771.50 ","$7,460 ",36,22250,36,374
368,369,Thrivent Financial for Lutherans,"$8,152.70 ",-0.053,$637 ,-0.342,"$110,151.70 ",-,-1,3386,-1,-
369,370,Hershey,"$8,149.70 ",0.02,"$1,278.70 ",0.112,"$9,131.80 ","$32,765.30 ",28,16040,28,69
370,371,Casey's General Stores,"$8,112.30 ",-0.03,$263.80 ,0.294,"$3,943.90 ","$7,987.60 ",7,27218,7,256
371,372,W.R. Berkley,"$8,098.90 ",0.025,$530.70 ,-0.222,"$28,606.90 ","$13,364.20 ",30,7495,30,130
372,373,Activision Blizzard,"$8,086 ",0.246,"$2,197 ",0.462,"$23,109 ","$72,052.10 ",90,9500,90,399
373,374,Western & Southern Financial Group,"$8,057.90 ",0.017,$204.40 ,-0.165,"$57,595.40 ",-,27,2729,27,-
374,375,American Tower,"$8,041.50 ",0.061,"$1,690.60 ",-0.104,"$47,233.50 ","$106,234.50 ",39,5618,39,367
375,376,American Financial Group,"$7,909 ",-0.04,$732 ,-0.184,"$73,566 ","$9,858.20 ",7,7300,7,399
376,377,Darden Restaurants,"$7,806.90 ",-0.083,($52.40),-1.073,"$9,946.10 ","$18,506.60 ",-5,177895,-5,334
377,378,J.M. Smucker,"$7,801 ",-0.005,$779.50 ,0.515,"$16,970.40 ","$13,865.90 ",29,7300,29,164
378,379,Williams,"$7,719 ",-0.059,$211 ,-0.752,"$44,165 ","$28,777.60 ",8,4739,8,216
379,380,Intuit,"$7,679 ",0.132,"$1,826 ",0.173,"$10,931 ","$104,897.10 ",65,11950,65,55
380,381,Citizens Financial Group,"$7,676 ",-0.048,"$1,057 ",-0.41,"$183,349 ","$18,768.40 ",14,17584,14,143
381,382,PPL,"$7,607 ",-0.021,"$1,469 ",-0.159,"$48,116 ","$22,177.50 ",26,12318,26,240
382,383,NVR,"$7,566 ",0.019,$901.20 ,0.026,"$5,777.10 ","$17,318 ",34,6100,34,330
383,384,Westinghouse Air Brake Technologies,"$7,556.10 ",-0.079,$414.40 ,0.268,"$18,454.50 ","$14,953 ",4,27000,4,158
384,385,Foot Locker,"$7,548 ",-0.057,$323 ,-0.342,"$7,043 ","$5,809.40 ",12,33522,12,196
385,386,Cincinnati Financial,"$7,536.30 ",-0.049,"$1,216.40 ",-0.391,"$27,541.70 ","$16,601.60 ",14,5266,14,198
386,387,Weyerhaeuser,"$7,532 ",0.149,$797 ,-,"$16,311 ","$26,655.30 ",70,9372,70,396
387,388,Westlake Chemical,"$7,504 ",-0.076,$330 ,-0.216,"$13,835 ","$11,350.40 ",3,9220,3,399
388,389,Navistar International,"$7,503 ",-0.333,($347),-2.57,"$6,637 ","$4,390.50 ",-105,12100,-105,399
389,390,Magellan Health,"$7,501.50 ",0.048,$382.30 ,5.839,"$3,359.90 ","$2,421 ",42,9000,42,399
390,391,Booz Allen Hamilton Holding,"$7,463.80 ",0.113,$482.60 ,0.153,"$4,794 ","$11,089.50 ",59,27200,59,187
391,392,Autoliv,"$7,447.40 ",-0.129,$186.90 ,-0.595,"$8,156.80 ","$8,112.80 ",-23,64716,-23,380
392,393,S&P Global,"$7,442 ",0.111,"$2,339 ",0.102,"$12,537 ","$85,001.60 ",58,23000,58,129
393,394,Global Payments,"$7,423.60 ",0.511,$584.50 ,0.357,"$44,201.50 ","$59,484.30 ",159,24000,-,399
394,395,Motorola Solutions,"$7,414 ",-0.06,$949 ,0.093,"$10,876 ","$31,785.80 ",8,18000,8,212
395,396,KeyCorp,"$7,337 ",-0.046,"$1,343 ",-0.218,"$170,336 ","$19,182 ",15,16826,15,99
396,397,Delek US Holdings,"$7,301.80 ",-0.215,($608),-2.958,"$6,134.10 ","$1,609 ",-55,3532,-55,399
397,398,Masco,"$7,289 ",-0.115,"$1,224 ",0.309,"$5,777 ","$15,208.80 ",-14,18000,-14,-
398,399,Graybar Electric,"$7,265.70 ",-0.034,$121.80 ,-0.157,"$2,551.20 ",-,16,8200,16,-
399,400,WEC Energy Group,"$7,241.70 ",-0.037,"$1,199.90 ",0.058,"$37,028.10 ","$29,521.50 ",16,7273,16,312
400,401,Old Republic International,"$7,166 ",-0.007,$558.60 ,-0.471,"$22,815.20 ","$6,650.30 ",26,9000,26,453
401,402,Frontier Communications,"$7,155 ",-0.117,($402),-,"$16,795 ",$29.30 ,-9,16200,-9,454
402,403,Chewy,"$7,146.30 ",0.474,($92.50),-,"$1,740.90 ","$35,176.90 ",156,18500,-,454
403,404,PVH,"$7,132.60 ",-0.28,"($1,136.10)",-3.723,"$13,293.50 ","$7,522.70 ",-82,26500,-82,9
404,405,Asbury Automotive Group,"$7,131.80 ",-0.011,$254.40 ,0.38,"$3,676.30 ","$3,798.10 ",23,7750,23,399
405,406,Seaboard,"$7,126 ",0.042,$283 ,-,"$6,399 ","$4,283.30 ",38,13100,38,-
406,407,Polaris,"$7,108.30 ",0.036,$124.80 ,-0.615,"$4,632.70 ","$8,179.30 ",35,15000,35,250
407,408,Dana,"$7,106 ",-0.176,($31),-1.137,"$7,376 ","$3,529.40 ",-41,38200,-41,382
408,409,First American Financial,"$7,086.70 ",0.143,$696.40 ,-0.016,"$12,796 ","$6,216.50 ",67,19597,67,151
409,410,Cintas,"$7,085.10 ",0.028,$876 ,-0.01,"$7,669.90 ","$35,850.90 ",31,40000,31,343
410,411,Toll Brothers,"$7,077.70 ",-0.02,$446.60 ,-0.243,"$11,065.70 ","$6,984.80 ",15,4500,15,343
411,412,Science Applications International,"$7,056 ",0.106,$209 ,-0.075,"$5,723 ","$4,853.80 ",54,26134,54,226
412,413,Owens Corning,"$7,055 ",-0.015,($383),-1.946,"$9,481 ","$9,662.70 ",18,19000,18,65
413,414,Zimmer Biomet Holdings,"$7,024.50 ",-0.12,($138.90),-1.123,"$24,417.70 ","$33,347.30 ",-15,20000,-15,454
414,415,Xerox Holdings,"$7,022 ",-0.232,$192 ,-0.858,"$14,741 ","$4,821.30 ",-68,24700,-68,-
415,416,Arthur J. Gallagher,"$7,003.60 ",-0.027,$818.80 ,0.224,"$22,331.40 ","$24,353.40 ",13,32401,13,200
416,417,Avery Dennison,"$6,971.50 ",-0.014,$555.90 ,0.831,"$6,083.90 ","$15,246.50 ",18,32000,18,134
417,418,Sanmina,"$6,960.40 ",-0.155,$139.70 ,-0.013,"$3,772.70 ","$2,686.70 ",-33,33500,-33,342
418,419,Jefferies Financial Group,"$6,955.90 ",0.298,$775.20 ,-0.196,"$53,118.40 ","$7,524.60 ",101,4945,-,394
419,420,Beacon Roofing Supply,"$6,943.90 ",-0.023,($80.90),-,"$6,957.50 ","$3,631.40 ",14,7582,14,399
420,421,Securian Financial Group,"$6,870.40 ",0.041,$243.30 ,-0.441,"$68,059.30 ",-,34,6537,34,244
421,422,Oshkosh,"$6,856.80 ",-0.182,$324.50 ,-0.44,"$5,815.90 ","$8,114.50 ",-45,14400,-45,281
422,423,FM Global,"$6,798 ",0.008,"$1,731.90 ",-0.301,"$27,975.70 ",-,24,5625,24,-
423,424,Booking Holdings,"$6,796 ",-0.549,$59 ,-0.988,"$21,874 ","$95,434.40 ",-214,20199,-214,290
424,425,Williams-Sonoma,"$6,783.20 ",0.15,$680.70 ,0.912,"$4,661.40 ","$13,653.80 ",64,16600,64,343
425,426,Coty,"$6,737.90 ",-0.221,"($1,006.70)",-,"$16,728.80 ","$6,908.80 ",-60,18260,-60,165
426,427,Clorox,"$6,721 ",0.082,$939 ,0.145,"$6,213 ","$24,262.60 ",47,8800,47,155
427,428,Pioneer Natural Resources,"$6,685 ",-0.283,($200),-1.259,"$19,229 ","$34,397.30 ",-87,1853,-87,206
428,429,Dover,"$6,683.80 ",-0.063,$683.50 ,0.008,"$9,152.10 ","$19,727.10 ",4,23000,4,263
429,430,CMS Energy,"$6,680 ",-0.024,$755 ,0.11,"$29,666 ","$17,718.70 ",13,8493,13,197
430,431,Zoetis,"$6,675 ",0.066,"$1,638 ",0.092,"$13,609 ","$74,829.20 ",41,11300,41,381
431,432,Hanesbrands,"$6,664.40 ",-0.043,($75.60),-1.126,"$7,698.90 ","$6,865 ",4,61000,4,330
432,433,Packaging Corp. of America,"$6,658.20 ",-0.044,$461 ,-0.338,"$7,433.20 ","$12,775 ",4,15200,4,390
433,434,Regions Financial,"$6,655 ",-0.015,"$1,094 ",-0.308,"$147,389 ","$19,847.50 ",12,19406,12,89
434,435,Graphic Packaging Holding,"$6,559.90 ",0.065,$167.30 ,-0.191,"$7,804.60 ","$4,862.40 ",42,18775,42,337
435,436,UGI,"$6,559 ",-0.104,$532 ,1.077,"$13,985 ","$8,552.80 ",-13,11300,-13,287
436,437,Sprouts Farmers Market,"$6,468.80 ",0.148,$287.50 ,0.921,"$2,806.40 ","$3,139.90 ",65,33000,-,176
437,438,Avantor,"$6,393.60 ",0.058,$116.60 ,2.085,"$9,906.50 ","$16,631.40 ",46,12400,46,303
438,439,Veritiv,"$6,345.60 ",-0.172,$34.20 ,-,"$2,335 ",$679.50 ,-27,6400,-27,399
439,440,Rockwell Automation,"$6,329.80 ",-0.055,"$1,023.40 ",0.471,"$7,264.70 ","$30,832.20 ",12,23500,12,223
440,441,MasTec,"$6,321 ",-0.12,$322.80 ,-0.177,"$5,227.80 ","$6,953.40 ",-11,18000,-11,322
441,442,DCP Midstream,"$6,302 ",-0.174,($306),-19,"$12,957 ","$4,513.10 ",-29,1837,-29,-
442,443,Northern Trust,"$6,301.10 ",-0.086,"$1,209.30 ",-0.19,"$170,003.90 ","$21,854.20 ",-3,20900,-3,201
443,444,M&T Bank,"$6,281.20 ",-0.095,"$1,353.20 ",-0.299,"$142,601.10 ","$19,502.20 ",-6,17046,-6,252
444,445,Realogy Holdings,"$6,221 ",0.06,($360),-,"$6,934 ","$1,767.40 ",45,9335,45,386
445,446,NCR,"$6,207 ",-0.102,($79),-1.14,"$8,414 ","$4,943.20 ",-7,36000,-7,343
446,447,T. Rowe Price,"$6,206.70 ",0.105,"$2,372.70 ",0.113,"$10,659 ","$39,031 ",57,7678,-,119
447,448,Vertex Pharmaceuticals,"$6,205.70 ",0.491,"$2,711.60 ",1.304,"$11,751.80 ","$55,862.80 ",178,3400,-,98
448,449,Big Lots,"$6,199.20 ",0.165,$629.20 ,1.595,"$4,037.30 ","$2,394.30 ",77,23900,-,399
449,450,Ralph Lauren,"$6,159.80 ",-0.024,$384.30 ,-0.108,"$7,279.90 ","$9,005.30 ",19,19300,19,87
450,451,Ulta Beauty,"$6,152 ",-0.168,$175.80 ,-0.751,"$5,090 ","$17,377.10 ",-33,26500,-33,399
451,452,Taylor Morrison Home,"$6,129.30 ",0.287,$243.40 ,-0.044,"$7,738 ","$3,969.20 ",115,2700,-,291
452,453,Icahn Enterprises,"$6,123 ",-0.319,"($1,653)",-,"$24,987 ","$12,964.70 ",-101,23833,-101,-
453,454,Blackstone Group,"$6,101.90 ",-0.168,"$1,045.40 ",-0.49,"$26,269.30 ","$50,966.60 ",-34,3165,-34,243
454,455,O-I Glass,"$6,091 ",-0.09,$249 ,-,"$8,882 ","$2,327.10 ",-2,25000,-2,-
455,456,Fortune Brands Home & Security,"$6,090.30 ",0.057,$553.10 ,0.281,"$7,358.70 ","$13,264.20 ",38,27505,38,336
456,457,NOV,"$6,090 ",-0.282,"($2,542)",-,"$9,929 ","$5,326.30 ",-83,27631,-83,454
457,458,Ovintiv,"$6,087 ",-0.095,"($6,097)",-27.056,"$14,469 ","$6,219.60 ",-9,1916,-9,339
458,459,Alexion Pharmaceuticals,"$6,069.90 ",0.216,$603.40 ,-0.749,"$18,103 ","$33,596.10 ",88,3837,-,329
459,460,Huntsman,"$6,025 ",-0.278,"$1,034 ",0.84,"$8,713 ","$6,390.10 ",-78,9000,-78,383
460,461,Equinix,"$5,998.50 ",0.078,$369.80 ,-0.271,"$27,006.80 ","$60,679.10 ",48,10013,-,319
461,462,ABM Industries,"$5,987.60 ",-0.079,$0.30 ,-0.998,"$3,776.90 ","$3,422.20 ",-,114000,-,85
462,463,Ingredion,"$5,987 ",-0.036,$348 ,-0.157,"$6,858 ","$6,034.60 ",12,12000,12,261
463,464,Chipotle Mexican Grill,"$5,984.60 ",0.071,$355.80 ,0.016,"$5,982.90 ","$39,987.70 ",42,88000,-,399
464,465,Sinclair Broadcast Group,"$5,943 ",0.402,"($2,414)",-52.362,"$13,382 ","$2,167 ",157,11600,-,454
465,466,LPL Financial Holdings,"$5,871.60 ",0.044,$472.60 ,-0.156,"$6,523.60 ","$11,358.60 ",37,4756,-,109
466,467,Crown Castle International,"$5,840 ",0.013,"$1,056 ",0.228,"$38,768 ","$74,392.40 ",29,4900,29,391
467,468,KLA,"$5,806.40 ",0.271,"$1,216.80 ",0.035,"$9,280 ","$50,906.30 ",120,10600,-,-
468,469,Ameren,"$5,794 ",-0.02,$871 ,0.052,"$32,030 ","$20,780.20 ",19,9183,19,286
469,470,KBR,"$5,767 ",0.023,($72),-1.356,"$5,705 ","$5,407 ",31,29000,-,343
470,471,Burlington Stores,"$5,764 ",-0.209,($216.50),-1.465,"$6,781.10 ","$19,835.90 ",-47,35246,-47,221
471,472,Olin,"$5,758 ",-0.058,($969.90),-,"$8,270.90 ","$6,024.10 ",9,8000,9,253
472,473,CACI International,"$5,720 ",0.147,$321.50 ,0.21,"$5,542.50 ","$6,223.50 ",76,22900,-,399
473,474,Post Holdings,"$5,698.70 ",0.003,$0.80 ,-0.994,"$12,146.70 ","$6,804.90 ",25,10200,25,255
474,475,Academy Sports and Outdoors,"$5,689.20 ",0.178,$308.80 ,1.572,"$4,384.50 ","$2,459.20 ",-,16500,-,161
475,476,Arconic,"$5,675 ",-,($109),-,"$6,314 ","$2,792.70 ",-,13400,-,269
476,477,Celanese,"$5,655 ",-0.102,"$1,985 ",1.33,"$10,909 ","$17,104.50 ",-7,7658,-7,316
477,478,Yum Brands,"$5,652 ",0.01,$904 ,-0.301,"$5,852 ","$32,460 ",27,38000,-,116
478,479,Fastenal,"$5,647.30 ",0.059,$859.10 ,0.086,"$3,964.70 ","$28,877.90 ",46,20365,-,399
479,480,Nasdaq,"$5,627 ",0.32,$933 ,0.205,"$17,979 ","$24,300.80 ",140,4830,-,95
480,481,Analog Devices,"$5,603.10 ",-0.065,"$1,220.80 ",-0.104,"$21,468.60 ","$57,208 ",6,15900,6,144
481,482,McCormick,"$5,601.30 ",0.047,$747.40 ,0.064,"$12,089.70 ","$23,808.90 ",41,13000,-,100
482,483,Carvana,"$5,586.60 ",0.418,($171.10),-,"$3,034.50 ","$45,475.40 ",168,10400,-,343
483,484,Franklin Resources,"$5,566.50 ",-0.036,$798.90 ,-0.332,"$20,220.90 ","$14,960 ",9,11800,9,118
484,485,Electronic Arts,"$5,537 ",0.119,"$3,039 ",1.982,"$11,112 ","$38,935.90 ",65,9800,-,307
485,486,MDU Resources Group,"$5,532.80 ",0.037,$390.20 ,0.163,"$8,053.40 ","$6,359.80 ",38,12994,-,397
486,487,Select Medical Holdings,"$5,531.70 ",0.014,$259 ,0.745,"$7,655.40 ","$4,598 ",28,42350,-,399
487,488,Roper Technologies,"$5,527.10 ",0.03,$949.70 ,-0.463,"$24,024.80 ","$42,326.30 ",30,18400,-,399
488,489,RPM International,"$5,507 ",-0.01,$304.40 ,0.142,"$5,631 ","$11,949.90 ",19,14621,-,394
489,490,Cerner,"$5,505.80 ",-0.033,$780.10 ,0.473,"$7,521.10 ","$22,016.40 ",8,26400,8,330
490,491,Patterson,"$5,490 ",-0.015,($588.40),-8.036,"$2,715.40 ","$3,087.50 ",16,7800,-,270
491,492,Commercial Metals,"$5,476.50 ",-0.06,$279.50 ,0.411,"$4,081.70 ","$3,716.50 ",-1,11297,-1,399
492,493,Boise Cascade,"$5,474.80 ",0.179,$175 ,1.162,"$1,965.70 ","$2,353.10 ",86,6040,-,375
493,494,Hasbro,"$5,465.40 ",0.158,$222.50 ,-0.572,"$10,818.40 ","$13,202.20 ",80,6822,-,72
494,495,A-Mark Precious Metals,"$5,461.10 ",0.142,$30.50 ,12.712,$758 ,$360.20 ,70,218,-,399
495,496,Camping World Holdings,"$5,446.60 ",0.113,$122.30 ,-,"$3,256.40 ","$3,452.50 ",59,11427,-,399
496,497,NetApp,"$5,412 ",-0.119,$819 ,-0.299,"$7,522 ","$16,176.40 ",-19,10800,-19,265
497,498,Avis Budget Group,"$5,402 ",-0.411,($684),-3.265,"$17,538 ","$5,067.60 ",-153,17500,-153,33
498,499,R.R. Donnelley & Sons,"$5,398.80 ",-0.14,$98.50 ,-,"$3,130.90 ",$289.90 ,-28,33000,-28,454
499,500,Moody's,"$5,371 ",0.112,"$1,778 ",0.25,"$12,409 ","$55,884.80 ",61,11490,-,110
500,501,Cleveland-Cliffs,"$5,354 ",1.691,($122),-1.417,"$16,771 ","$10,033 ",-,25000,-,-
501,502,Agilent Technologies,"$5,339 ",0.034,$719 ,-0.329,"$9,627 ","$38,739.20 ",35,16400,-,-
502,503,Tutor Perini,"$5,318.80 ",0.195,$108.40 ,-,"$5,045.60 ",$964.80 ,97,8700,-,-
503,504,ADT,"$5,314.80 ",0.037,($632.20),-,"$16,116.90 ","$6,893.60 ",37,20500,-,-
504,505,Microchip Technology,"$5,274.20 ",-0.014,$570.60 ,0.603,"$17,426.10 ","$41,794.80 ",17,18000,-,-
505,506,Michaels,"$5,271.10 ",0.039,$294.90 ,0.082,"$4,528.40 ","$3,108 ",38,28000,-,-
506,507,Howmet Aerospace,"$5,259 ",-0.629,$261 ,-0.445,"$11,443 ","$13,932 ",-281,19700,-,-
507,508,Hertz Global Holdings,"$5,258 ",-0.462,"($1,714)",-,"$16,908 ",$268.70 ,-182,24000,-,-
508,509,ON Semiconductor,"$5,255 ",-0.048,$234.20 ,0.106,"$8,668 ","$17,138.40 ",3,32750,-,-
509,510,Huntington Bancshares,"$5,238 ",-0.074,$817 ,-0.421,"$123,038 ","$16,071.90 ",-10,15578,-,-
510,511,Sonoco Products,"$5,237.40 ",-0.025,$207.50 ,-0.289,"$5,277.30 ","$6,367.80 ",6,20000,-,-
511,512,Telephone & Data Systems,"$5,225 ",0.009,$226 ,0.868,"$12,525 ","$2,625.80 ",24,9200,-,-
512,513,Chesapeake Energy,"$5,210 ",-0.386,-,-,"$6,584 ","$4,248.20 ",-140,1300,-,-
513,514,Kemper,"$5,205.70 ",0.033,$409.90 ,-0.228,"$14,341.90 ","$5,229.20 ",31,9500,-,-
514,515,Expedia Group,"$5,199 ",-0.569,"($2,612)",-5.623,"$18,690 ","$24,762 ",-252,19100,-,-
515,516,TransDigm Group,"$5,182 ",-0.061,$699 ,-0.214,"$18,395 ","$32,152.70 ",-3,14200,-,-
516,517,MGM Resorts International,"$5,162.10 ",-0.6,"($1,032.70)",-1.504,"$36,494.90 ","$18,805.20 ",-268,48500,-,-
517,518,UFP Industries,"$5,154 ",0.167,$246.80 ,0.374,"$2,404.90 ","$4,683.30 ",88,12000,-,-
518,519,Robert Half International,"$5,109 ",-0.159,$306.30 ,-0.326,"$2,557.40 ","$8,831.70 ",-37,13000,-,-
519,520,Devon Energy,"$5,091 ",-0.309,"($2,680)",-,"$9,912 ","$14,707.20 ",-101,1400,-,-
520,521,GameStop,"$5,089.80 ",-0.213,($215.30),-,"$2,472.60 ","$13,275.20 ",-57,22000,-,-
521,522,International Flavors & Fragrances,"$5,084.20 ",-0.011,$363.20 ,-0.203,"$13,555.70 ","$34,741.50 ",18,13700,-,-
522,523,Resideo Technologies,"$5,071 ",0.017,$37 ,0.028,"$5,610 ","$4,043.70 ",25,14700,-,-
523,524,Watsco,"$5,054.90 ",0.06,$269.60 ,0.096,"$2,484.30 ","$10,068.20 ",42,5800,-,-
524,525,Amkor Technology,"$5,050.60 ",0.246,$338.10 ,1.797,"$5,022.30 ","$5,769.60 ",114,29050,-,-
525,526,Coca-Cola Consolidated,"$5,007.40 ",0.037,$172.50 ,14.164,"$3,222.50 ","$2,706.90 ",36,14900,-,-
526,527,Chemours,"$4,969 ",-0.101,$219 ,-,"$7,082 ","$4,610.60 ",-16,6500,-,-
527,528,Tapestry,"$4,961.40 ",-0.177,($652.10),-2.014,"$7,924.20 ","$11,449.70 ",-43,14850,-,-
528,529,UWM Holdings,"$4,938.60 ",2.863,"$3,382.50 ",7.15,"$11,493.50 ","$12,729 ",-,7500,-,-
529,530,Silgan Holdings,"$4,921.90 ",0.096,$308.70 ,0.593,"$6,511.60 ","$4,625.70 ",65,15610,-,-
530,531,Petco Health and Wellness,"$4,920.20 ",0.11,($26.50),-,"$6,075.70 ","$6,692.40 ",-,27081,-,-
531,532,Evergy,"$4,913.40 ",-0.046,$618.30 ,-0.077,"$27,114.80 ","$13,512.90 ",7,5133,-,-
532,533,Ingersoll Rand,"$4,910.20 ",1.003,($33.30),-1.209,"$16,058.60 ","$20,607.40 ",348,15900,-,-
533,534,Sealed Air,"$4,903.20 ",0.023,$502.90 ,0.912,"$6,083.80 ","$7,098.40 ",30,16500,-,-
534,535,Church & Dwight,"$4,895.80 ",0.123,$785.90 ,0.276,"$7,414.50 ","$21,408.40 ",76,5100,-,-
535,536,OneMain Holdings,"$4,894 ",0.031,$730 ,-0.146,"$22,471 ","$7,217.20 ",34,8300,-,-
536,537,CME Group,"$4,883.60 ",0.003,"$2,105.20 ",-0.005,"$124,659.60 ","$73,330 ",21,4370,-,-
537,538,Xylem,"$4,876 ",-0.071,$254 ,-0.367,"$8,750 ","$18,932.70 ",-8,16150,-,-
538,539,Vulcan Materials,"$4,856.80 ",-0.015,$584.50 ,-0.054,"$11,686.90 ","$22,387 ",12,8847,-,-
539,540,TravelCenters of America,"$4,846 ",-0.208,($13.90),-1.417,"$3,443.90 ",$395.30 ,-60,16374,-,-
540,541,Western Union,"$4,835 ",-0.086,$744.30 ,-0.297,"$9,496.30 ","$10,133.30 ",-13,11000,-,-
541,542,Hanover Insurance Group,"$4,827.30 ",-0.014,$358.70 ,-0.156,"$13,443.70 ","$4,709.80 ",12,4300,-,-
542,543,Hess,"$4,804 ",-0.262,"($3,093)",-,"$18,821 ","$21,722.40 ",-82,1621,-,-
543,544,Globe Life,"$4,737.90 ",0.046,$731.80 ,-0.038,"$29,046.70 ","$11,203.50 ",48,3261,-,-
544,545,Rush Enterprises,"$4,735.90 ",-0.185,$114.90 ,-0.189,"$2,985.40 ","$2,685.60 ",-53,6307,-,-
545,546,Martin Marietta Materials,"$4,729.90 ",-0.002,$721 ,0.178,"$10,580.80 ","$20,917.10 ",26,8700,-,-
546,547,American Axle & Manufacturing,"$4,710.80 ",-0.279,($561.30),-,"$5,916.30 ","$1,100.40 ",-87,20000,-,-
547,548,Windstream Holdings II,"$4,688.90 ",-0.083,-,-,"$9,421.10 ",-,-5,11945,-,-
548,549,NiSource,"$4,681.70 ",-0.101,($17.60),-1.046,"$22,040.50 ","$9,447.70 ",-16,7345,-,-
549,550,PPD,"$4,681.50 ",0.161,$153.70 ,2.214,"$6,293.80 ","$13,260.20 ",91,26000,-,-
550,551,Knight-Swift Transportation Holdings,"$4,673.90 ",-0.035,$410 ,0.326,"$8,468 ","$7,966.10 ",9,22800,-,-
551,552,SS&C Technologies Holdings,"$4,667.90 ",0.008,$625.20 ,0.426,"$15,923.60 ","$18,005.20 ",28,24600,-,-
552,553,Domtar,"$4,647 ",-0.11,($127),-2.512,"$4,856 ","$1,856.20 ",-21,6600,-,-
553,554,Encompass Health,"$4,644.40 ",0.009,$284.20 ,-0.208,"$6,445.90 ","$8,129.90 ",29,35536,-,-
554,555,FMC,"$4,642.10 ",-0.004,$551.50 ,0.155,"$10,186.40 ","$14,325 ",23,6400,-,-
555,556,Fortive,"$4,634.40 ",-0.367,"$1,613.30 ",1.183,"$16,051.50 ","$23,881.50 ",-134,17000,-,-
556,557,Cornerstone Building Brands,"$4,617.40 ",-0.056,($482.80),-,"$5,478.50 ","$1,757.40 ",-1,20230,-,-
557,558,Skechers U.S.A.,"$4,613.40 ",-0.12,$98.60 ,-0.716,"$5,812.40 ","$6,579.60 ",-27,8800,-,-
558,559,Ingles Markets,"$4,610.60 ",0.097,$178.60 ,1.189,"$1,899.30 ","$1,245.30 ",64,18765,-,-
559,560,Simon Property Group,"$4,607.50 ",-0.199,"$1,112.60 ",-0.471,"$34,786.80 ","$37,338.10 ",-63,2850,-,-
560,561,Welltower,"$4,606 ",-0.101,$978.80 ,-0.206,"$32,483.60 ","$29,897.10 ",-19,423,-,-
561,562,Monster Beverage,"$4,598.60 ",0.095,"$1,409.60 ",0.272,"$6,202.70 ","$48,108 ",62,3340,-,-
562,563,Mattel,"$4,583.70 ",0.018,$126.60 ,-,"$5,521.10 ","$6,935.50 ",30,32100,-,-
563,564,TreeHouse Foods,"$4,570.50 ",-0.072,$13.80 ,-,"$5,485.70 ","$2,921.20 ",-12,10900,-,-
564,565,Schneider National,"$4,552.80 ",-0.041,$211.70 ,0.44,"$3,516.20 ","$4,461 ",6,15225,-,-
565,566,Ametek,"$4,540 ",-0.12,$872.40 ,0.013,"$10,357.50 ","$29,480.10 ",-28,16500,-,-
566,567,PennyMac Financial Services,"$4,536 ",0.995,"$1,646.90 ",3.191,"$31,597.80 ","$4,630.40 ",-,6632,-,-
567,568,Broadridge Financial Solutions,"$4,529 ",0.038,$462.50 ,-0.041,"$4,889.80 ","$17,728.80 ",42,12000,-,-
568,569,Alliance Data Systems,"$4,521.40 ",-0.313,$213.70 ,-0.231,"$22,547.10 ","$5,570.30 ",-113,8000,-,-
569,570,ServiceNow,"$4,519.50 ",0.306,$118.50 ,-0.811,"$8,715.10 ","$98,071.60 ",133,13096,-,-
570,571,Kelly Services,"$4,516 ",-0.157,($72),-1.641,"$2,561.90 ",$875.40 ,-50,7100,-,-
571,572,Greif,"$4,515 ",-0.017,$108.80 ,-0.364,"$5,510.90 ","$2,771.70 ",12,16000,-,-
572,573,Yellow,"$4,513.70 ",-0.073,($53.50),-,"$2,185.80 ",$449.90 ,-16,30000,-,-
573,574,First Republic Bank,"$4,506.90 ",0.084,"$1,064.20 ",0.144,"$142,502.10 ","$29,390 ",53,5483,-,-
574,575,Perspecta,"$4,504 ",-,($676),-,"$5,405 ","$4,679.10 ",-,14000,-,-
575,576,Nexstar Media Group,"$4,501.30 ",0.481,$811.40 ,2.524,"$13,404.30 ","$6,092.50 ",199,11749,-,-
576,577,Meritage Homes,"$4,501.20 ",0.228,$423.50 ,0.696,"$3,864.40 ","$3,448.10 ",96,1570,-,-
577,578,Under Armour,"$4,474.70 ",-0.15,($549.20),-6.96,"$5,030.60 ","$9,161.90 ",-49,11800,-,-
578,579,Warner Music Group,"$4,463 ",-0.003,($475),-2.855,"$6,410 ","$17,657.70 ",19,5500,-,-
579,580,Levi Strauss,"$4,452.60 ",-0.227,($127.10),-1.322,"$5,641.20 ","$9,559.80 ",-85,14800,-,-
580,581,Zebra Technologies,"$4,448 ",-0.008,$504 ,-0.074,"$5,375 ","$25,941.30 ",15,8800,-,-
581,582,Juniper Networks,"$4,445.10 ",-,$257.80 ,-0.253,"$9,378.30 ","$8,285.10 ",19,9950,-,-
582,583,loanDepot,"$4,443.60 ",2.028,"$2,013.10 ",57.487,"$10,893.20 ","$6,089.10 ",-,11763,-,-
583,584,Prologis,"$4,438.70 ",0.333,"$1,481.80 ",-0.058,"$56,065 ","$78,412.90 ",143,1945,-,-
584,585,Dillard's,"$4,433.20 ",-0.301,($71.70),-1.645,"$3,092.50 ","$2,123.70 ",-117,24000,-,-
585,586,Syneos Health,"$4,415.80 ",-0.056,$192.80 ,0.469,"$8,063.30 ","$7,905.10 ",-9,24386,-,-
586,587,Lululemon Athletica,"$4,401.90 ",0.106,$588.90 ,-0.088,"$4,185.20 ","$39,985.10 ",-,25000,-,-
587,588,Flowers Foods,"$4,388 ",0.064,$152.30 ,-0.074,"$3,323 ","$5,038.50 ",43,9200,-,-
588,589,Edwards Lifesciences,"$4,386.30 ",0.009,$823.40 ,-0.213,"$7,237.10 ","$52,027.10 ",24,14900,-,-
589,590,Vertiv Holdings,"$4,370.60 ",-0.014,($183.60),-,"$5,073.80 ","$7,028.80 ",13,20972,-,-
590,591,Intuitive Surgical,"$4,358.40 ",-0.027,"$1,060.60 ",-0.231,"$11,168.90 ","$87,474.30 ",6,8081,-,-
591,592,Brunswick,"$4,347.50 ",-0.046,$372.70 ,-,"$3,770.60 ","$7,436.20 ",-2,14382,-,-
592,593,Covetrus,"$4,339 ",-,($19),-,"$3,496 ","$4,084.10 ",-,5466,-,-
593,594,Workday,"$4,318 ",0.19,($282.40),-,"$8,718.40 ","$60,368.50 ",82,12500,-,-
594,595,APA,"$4,308 ",-0.328,"($4,860)",-,"$12,746 ","$6,765.60 ",-130,2272,-,-
595,596,Hilton Worldwide Holdings,"$4,307 ",-0.544,($715),-1.812,"$16,755 ","$33,568.30 ",-258,141000,-,-
596,597,Insperity,"$4,287 ",-0.006,$138.20 ,-0.085,"$1,584.30 ","$3,199.90 ",18,3600,-,-
597,598,Leggett & Platt,"$4,280.20 ",-0.099,$247.60 ,-0.258,"$4,754 ","$6,070.90 ",-29,20400,-,-
598,599,Carlisle,"$4,245.20 ",-0.118,$320.10 ,-0.323,"$5,866.40 ","$8,670 ",-36,12500,-,-
599,600,JELD-WEN Holding,"$4,235.70 ",-0.013,$91.60 ,0.454,"$3,964.70 ","$2,770 ",18,23000,-,-
600,601,Keysight Technologies,"$4,221 ",-0.019,$627 ,0.01,"$7,218 ","$26,684.50 ",16,13900,-,-
601,602,Hubbell,"$4,186 ",-0.088,$351.20 ,-0.124,"$5,085.10 ","$10,151.30 ",-16,19100,-,-
602,603,KB Home,"$4,183.20 ",-0.081,$296.20 ,0.102,"$5,356.40 ","$4,268 ",-12,1776,-,-
603,604,Conduent,"$4,163 ",-0.068,($118),-,"$4,256 ","$1,412.90 ",-5,63000,-,-
604,605,Iron Mountain,"$4,147.30 ",-0.027,$342.70 ,0.282,"$14,149.30 ","$10,674.50 ",14,24000,-,-
605,606,Landstar System,"$4,136.40 ",0.011,$192.10 ,-0.156,"$1,653.80 ","$6,339.70 ",29,1320,-,-
606,607,Scotts Miracle-Gro,"$4,131.60 ",0.309,$387.40 ,-0.159,"$3,380.50 ","$13,645.60 ",146,6866,-,-
607,608,Equifax,"$4,127.50 ",0.177,$520.10 ,-,"$9,611.80 ","$22,174.50 ",84,11400,-,-
608,609,CF Industries Holdings,"$4,124.10 ",-0.102,$317 ,-0.357,"$12,022.80 ","$9,732.10 ",-22,3038,-,-
609,610,Domino's Pizza,"$4,117.40 ",0.138,$491.30 ,0.226,"$1,567.20 ","$14,270.40 ",69,10650,-,-
610,611,Weis Markets,"$4,112.60 ",0.161,$118.90 ,0.749,"$1,820.40 ","$1,520.30 ",75,24000,-,-
611,612,Gartner,"$4,099.40 ",-0.034,$266.70 ,0.143,"$7,316 ","$16,196.10 ",9,15600,-,-
612,613,SVB Financial Group,"$4,081.80 ",0.156,"$1,208.40 ",0.063,"$115,511 ","$26,602.60 ",75,4461,-,-
613,614,Harley-Davidson,"$4,054.40 ",-0.244,$1.30 ,-0.997,"$12,010.60 ","$6,147.90 ",-95,5150,-,-
614,615,CUNA Mutual Group,"$4,049.30 ",-0.018,$145.50 ,-0.338,"$28,490.90 ",-,17,3600,-,-
615,616,Mahwah Bergen Retail Group,"$4,044.70 ",-0.352,"($1,141.80)",-,"$2,334.10 ",-,-143,22000,-,-
616,617,Paychex,"$4,040.50 ",0.071,"$1,098.10 ",0.062,"$8,550.70 ","$35,349.10 ",45,15700,-,-
617,618,TriNet Group,"$4,034 ",0.046,$272 ,0.283,"$3,043 ","$5,144.60 ",39,2700,-,-
618,619,Old Dominion Freight Line,"$4,015.10 ",-0.023,$672.70 ,0.093,"$4,369.40 ","$28,112.90 ",15,19779,-,-
619,620,Amerco,"$3,978.90 ",0.056,$442 ,0.192,"$13,438 ","$12,011.70 ",43,22200,-,-
620,621,Spectrum Brands Holdings,"$3,964.20 ",-0.042,$97.80 ,-0.802,"$5,107.30 ","$3,622.90 ",8,12100,-,-
621,622,ASGN,"$3,950.60 ",0.007,$200.30 ,0.147,"$3,278 ","$5,058.30 ",30,4200,-,-
622,623,Snap-on,"$3,942.20 ",-0.031,$627 ,-0.096,"$6,557.30 ","$12,561 ",14,12300,-,-
623,624,Pool,"$3,936.60 ",0.23,$366.70 ,0.402,"$1,739.70 ","$13,863.50 ",123,4750,-,-
624,625,Parsons,"$3,918.90 ",-0.009,$98.50 ,-0.182,"$3,937.70 ","$4,139.50 ",23,15500,-,-
625,626,Genesis Healthcare,"$3,906.20 ",-0.144,($59),-5.033,"$4,062.20 ",$47.30 ,-37,44000,-,-
626,627,Digital Realty Trust,"$3,903.60 ",0.216,$356.40 ,-0.385,"$36,076.30 ","$39,593.10 ",119,2878,-,-
627,628,Diebold Nixdorf,"$3,902.30 ",-0.115,($269.10),-,"$3,657.40 ","$1,104.70 ",-21,22000,-,-
628,629,MDC Holdings,"$3,901.20 ",0.185,$367.60 ,0.542,"$3,864.90 ","$4,160.30 ",104,1773,-,-
629,630,EnLink Midstream,"$3,893.80 ",-0.357,($421.50),-,"$8,550.90 ","$2,102.30 ",-147,1069,-,-
630,631,NortonLifeLock,"$3,858 ",-0.185,"$3,887 ",124.387,"$7,735 ","$12,371.20 ",-58,3600,-,-
631,632,CNO Financial Group,"$3,821.10 ",-0.048,$301.80 ,-0.263,"$35,339.90 ","$3,245.40 ",11,3400,-,-
632,633,Stifel Financial,"$3,817.80 ",0.086,$503.50 ,0.123,"$26,604.30 ","$6,724.60 ",57,8500,-,-
633,634,Ventas,"$3,795.40 ",-0.02,$439.10 ,0.014,"$23,929.40 ","$19,984.30 ",21,448,-,-
634,635,Lamb Weston Holdings,"$3,792.40 ",0.01,$365.90 ,-0.235,"$4,662.30 ","$11,339.60 ",30,7700,-,-
635,636,American National Group,"$3,792.40 ",-0.068,$467.50 ,-0.246,"$29,467.80 ","$2,900.30 ",-,4600,-,-
636,637,Autodesk,"$3,790.40 ",0.158,"$1,208.20 ",4.633,"$7,279.80 ","$60,860 ",100,11500,-,-
637,638,Mercury General,"$3,784.50 ",-0.047,$374.60 ,0.17,"$6,328.20 ","$3,367.10 ",8,4300,-,-
638,639,PerkinElmer,"$3,782.70 ",0.312,$727.90 ,2.199,"$7,960.30 ","$14,376.40 ",170,14000,-,-
639,640,American Water Works,"$3,777 ",0.046,$709 ,0.142,"$24,766 ","$27,205.60 ",42,7000,-,-
640,641,Hologic,"$3,776.40 ",0.121,"$1,115.20 ",-,"$7,195.80 ","$19,164.90 ",77,5814,-,-
641,642,American Eagle Outfitters,"$3,759.10 ",-0.127,($209.30),-2.094,"$3,434.80 ","$4,874.30 ",-26,21750,-,-
642,643,Flowserve,"$3,728.10 ",-0.054,$116.30 ,-0.513,"$5,314.70 ","$5,056 ",7,16000,-,-
643,644,Navient,"$3,728 ",-0.326,$412 ,-0.31,"$87,412 ","$2,629.80 ",-134,6485,-,-
644,645,Steelcase,"$3,723.70 ",0.081,$199.70 ,0.585,"$2,565.40 ","$1,653.50 ",61,13350,-,-
645,646,Compass,"$3,720.80 ",0.559,($270.20),-,"$1,365.10 ",-,-,2702,-,-
646,647,Twitter,"$3,716.30 ",0.074,"($1,135.60)",-1.775,"$13,379.10 ","$50,786.40 ",57,5500,-,-
647,648,Triple-S Management,"$3,702.40 ",0.097,$67.20 ,-0.277,"$3,088.40 ",$616.40 ,68,3911,-,-
648,649,Penn Mutual Life Insurance,"$3,700.20 ",-0.001,$287 ,-0.275,"$40,003.50 ",-,18,3162,-,-
649,650,Brink's,"$3,690.90 ",0.002,$16 ,-0.448,"$5,135.60 ","$3,939.50 ",19,75100,-,-
650,651,Synopsys,"$3,685.30 ",0.097,$664.30 ,0.248,"$8,030.10 ","$37,755 ",72,15036,-,-
651,652,Tempur Sealy International,"$3,676.90 ",0.184,$348.80 ,0.841,"$3,308.60 ","$7,376.60 ",111,9000,-,-
652,653,Lennox International,"$3,634.10 ",-0.045,$356.30 ,-0.128,"$2,032.50 ","$11,757.40 ",7,10300,-,-
653,654,Las Vegas Sands,"$3,612 ",-0.737,"($1,685)",-1.625,"$20,807 ","$46,412.40 ",-419,46000,-,-
654,655,ScanSource,"$3,609.20 ",-0.068,($192.70),-4.345,"$1,692.10 ",$762.30 ,-1,2200,-,-
655,656,APi Group,"$3,587 ",-,($153),-,"$4,065 ","$4,149.50 ",-,13000,-,-
656,657,Pinnacle West Capital,"$3,587 ",0.033,$550.60 ,0.023,"$20,020.40 ","$9,167.50 ",44,6026,-,-
657,658,Sentry Insurance Group,"$3,585.30 ",-0.026,$201.80 ,-0.378,"$21,631.50 ",-,12,4150,-,-
658,659,Penn National Gaming,"$3,578.70 ",-0.325,($669.50),-16.251,"$14,667.30 ","$16,406 ",-132,18321,-,-
659,660,Darling Ingredients,"$3,571.90 ",0.062,$296.80 ,-0.05,"$5,613.30 ","$12,004.70 ",60,10000,-,-
660,661,Alaska Air Group,"$3,566 ",-0.594,"($1,324)",-2.722,"$14,046 ","$8,608.90 ",-301,20677,-,-
661,662,Sanderson Farms,"$3,564.30 ",0.036,$28.30 ,-0.469,"$1,849 ","$3,478.60 ",45,17445,-,-
662,663,Granite Construction,"$3,562.50 ",0.034,($145.10),-,"$2,380 ","$1,843 ",49,4100,-,-
663,664,Pitney Bowes,"$3,554.10 ",0.022,($181.50),-1.933,"$5,220.10 ","$1,431 ",35,11500,-,-
664,665,Brookdale Senior Living,"$3,540.20 ",-0.127,$82 ,-,"$6,901.80 ","$1,109.90 ",-27,38250,-,-
665,666,Ciena,"$3,532.20 ",-0.011,$361.30 ,0.426,"$4,180.90 ","$8,481.80 ",18,7032,-,-
666,667,Medical Mutual of Ohio,"$3,524.20 ",0.006,$100.40 ,0.2,"$2,611.60 ",-,28,2873,-,-
667,668,Sally Beauty Holdings,"$3,514.30 ",-0.093,$113.20 ,-0.583,"$2,895.10 ","$2,271 ",-15,30000,-,-
668,669,Timken,"$3,513.20 ",-0.073,$284.50 ,-0.214,"$5,041.60 ","$6,165.90 ",-8,17430,-,-
669,670,Service Corp. International,"$3,511.50 ",0.087,$515.90 ,0.396,"$14,515.40 ","$8,646.40 ",72,20319,-,-
670,671,Hub Group,"$3,495.60 ",-0.047,$73.60 ,-0.314,"$2,105.40 ","$2,316.70 ",1,5000,-,-
671,672,Antero Resources,"$3,491.70 ",-0.208,"($1,267.90)",-,"$13,150.80 ","$3,072.10 ",-64,522,-,-
672,673,Primoris Services,"$3,491.50 ",0.124,$105 ,0.275,"$1,969.60 ","$1,779.90 ",89,10414,-,-
673,674,Endeavor Group Holdings,"$3,478.70 ",-0.239,($654.90),-,"$9,633.60 ",-,-,6400,-,-
674,675,Caesars Entertainment,"$3,474 ",0.374,"($1,757)",-22.691,"$36,385 ","$18,213.90 ",193,21000,-,-
675,676,Ryerson Holding,"$3,466.60 ",-0.23,($65.80),-1.799,"$1,802.10 ",$649.50 ,-82,3900,-,-
676,677,Maximus,"$3,461.50 ",0.199,$214.50 ,-0.109,"$2,024.70 ","$5,471.70 ",131,34300,-,-
677,678,Urban Outfitters,"$3,449.70 ",-0.134,$1.20 ,-0.993,"$3,546.30 ","$3,637.80 ",-34,14250,-,-
678,679,Cboe Global Markets,"$3,427.10 ",0.373,$468.20 ,0.249,"$6,516.50 ","$10,580.60 ",193,1010,-,-
679,680,Alliant Energy,"$3,416 ",-0.064,$614 ,0.102,"$17,710 ","$13,533.60 ",-5,3375,-,-
680,681,ARKO,"$3,409.40 ",-0.06,$13.20 ,-,"$2,739.80 ","$1,236.80 ",-,10380,-,-
681,682,Palo Alto Networks,"$3,408.40 ",0.175,($267),-,"$9,065.40 ","$31,318 ",122,8014,-,-
682,683,Gannett,"$3,405.70 ",0.823,($670.50),-,"$3,108.90 ",$748 ,-,20800,-,-
683,684,Spirit AeroSystems Holdings,"$3,404.80 ",-0.567,($870.30),-2.642,"$8,383.90 ","$5,129.70 ",-278,14500,-,-
684,685,Plexus,"$3,390.40 ",0.071,$117.50 ,0.082,"$2,289.80 ","$2,646.70 ",65,19500,-,-
685,686,First Horizon,"$3,390 ",0.488,$845 ,0.917,"$84,209 ","$9,362.60 ",241,8358,-,-
686,687,Toro,"$3,378.80 ",0.077,$329.70 ,0.203,"$2,853.20 ","$11,099.90 ",69,10385,-,-
687,688,Airbnb,"$3,378.20 ",-0.297,"($4,584.70)",-,"$10,491.50 ","$114,349.20 ",-,5597,-,-
688,689,Brown-Forman,"$3,363 ",0.012,$827 ,-0.01,"$5,766 ","$32,119.30 ",41,4800,-,-
689,690,Skyworks Solutions,"$3,355.70 ",-0.006,$814.80 ,-0.045,"$5,106.70 ","$30,290.40 ",24,10000,-,-
690,691,Dentsply Sirona,"$3,342 ",-0.171,($83),-1.316,"$9,342 ","$13,977.50 ",-49,15000,-,-
691,692,Zillow Group,"$3,339.80 ",0.218,($162.10),-,"$7,486.60 ","$31,310.90 ",140,5504,-,-
692,693,Super Micro Computer,"$3,339.30 ",-0.046,$84.30 ,0.172,"$1,918.60 ","$1,975.50 ",4,3987,-,-
693,694,PriceSmart,"$3,329.20 ",0.033,$78.10 ,0.067,"$1,656.80 ","$2,973.90 ",50,9500,-,-
694,695,Puget Energy,"$3,326.50 ",-0.022,$182.70 ,-0.133,"$15,043 ",-,15,3150,-,-
695,696,Acuity Brands,"$3,326.30 ",-0.094,$248.30 ,-0.248,"$3,491.70 ","$5,891.40 ",-25,11500,-,-
696,697,GoDaddy,"$3,316.70 ",0.11,($495.10),-4.614,"$6,432.90 ","$13,201.30 ",90,6621,-,-
697,698,Southwest Gas Holdings,"$3,298.90 ",0.057,$232.30 ,0.086,"$8,735.90 ","$3,935.90 ",59,11149,-,-
698,699,Elanco Animal Health,"$3,273.30 ",0.066,($560.10),-9.249,"$17,692.70 ","$13,924 ",69,10200,-,-
699,700,Tri Pointe Homes,"$3,260.40 ",0.058,$282.20 ,0.362,"$4,022 ","$2,430.30 ",66,1163,-,-
700,701,Applied Industrial Technologies,"$3,245.70 ",-0.065,$24 ,-0.833,"$2,283.60 ","$3,540.30 ",-1,6200,-,-
701,702,Avient,"$3,242.10 ",-0.033,$131.60 ,-0.776,"$4,870.50 ","$4,315.50 ",22,8400,-,-
702,703,GMS,"$3,241.30 ",0.04,$23.40 ,-0.582,"$2,288.80 ","$1,788.80 ",55,5611,-,-
703,704,Virtu Financial,"$3,239.30 ",1.117,$649.20 ,-,"$9,965.80 ","$5,974.40 ",-,976,-,-
704,705,Qorvo,"$3,239.10 ",0.048,$334.30 ,1.511,"$6,560.70 ","$20,693.10 ",60,7900,-,-
705,706,Illumina,"$3,239 ",-0.086,$656 ,-0.345,"$7,585 ","$56,034.40 ",-19,8575,-,-
706,707,Citrix Systems,"$3,236.70 ",0.075,$504.40 ,-0.26,"$4,890.30 ","$17,259.20 ",72,9000,-,-
707,708,Atlas Air Worldwide Holdings,"$3,211.10 ",0.172,$360.30 ,-,"$6,029.20 ","$1,740.50 ",125,4061,-,-
708,709,Acadia Healthcare,"$3,209.70 ",0.033,($672.10),-7.171,"$6,499.40 ","$5,109 ",51,35400,-,-
709,710,Dycom Industries,"$3,199.20 ",-0.042,$34.30 ,-0.4,"$1,944.20 ","$2,842.70 ",15,14276,-,-
710,711,Akamai Technologies,"$3,198.10 ",0.105,$557.10 ,0.165,"$7,764.10 ","$16,632.10 ",95,8368,-,-
711,712,MSC Industrial Direct,"$3,192.40 ",-0.051,$251.10 ,-0.131,"$2,382.40 ","$5,033.90 ",9,6315,-,-
712,713,PRA Health Sciences,"$3,183.40 ",0.038,$197 ,-0.189,"$4,178.50 ","$9,896.50 ",56,18100,-,-
713,714,Bloomin' Brands,"$3,170.60 ",-0.234,($158.70),-2.216,"$3,362.10 ","$2,403.50 ",-86,77000,-,-
714,715,Varian Medical Systems,"$3,168.20 ",-0.018,$269.20 ,-0.078,"$4,462.20 ","$16,212.30 ",28,10613,-,-
715,716,Xilinx,"$3,162.70 ",0.034,$792.70 ,-0.109,"$4,693.30 ","$30,450.50 ",56,4891,-,-
716,717,Century Communities,"$3,161.20 ",0.247,$206.20 ,0.824,"$2,845.10 ","$2,033.30 ",150,1403,-,-
717,718,Advantage Solutions,"$3,155.70 ",-0.166,($162.40),-,"$5,777.50 ","$3,760.90 ",-,40000,-,-
718,719,CIT Group,"$3,150.40 ",-0.044,($615.30),-2.161,"$58,106.60 ","$5,084.40 ",13,4306,-,-
719,720,Trimble,"$3,147.70 ",-0.036,$389.90 ,-0.242,"$6,876.90 ","$19,551.90 ",18,11402,-,-
720,721,Clean Harbors,"$3,144.10 ",-0.079,$134.80 ,0.38,"$4,131.50 ","$4,606.20 ",-12,13500,-,-
721,722,Grocery Outlet Holding,"$3,134.60 ",0.225,$106.70 ,5.921,"$2,485.60 ","$3,513.80 ",143,860,-,-
722,723,Albemarle,"$3,128.90 ",-0.128,$375.80 ,-0.295,"$10,450.90 ","$17,053.70 ",-40,5900,-,-
723,724,Abercrombie & Fitch,"$3,125.40 ",-0.137,($114),-3.897,"$3,314.90 ","$2,131.10 ",-46,20550,-,-
724,725,Par Pacific Holdings,"$3,124.90 ",-0.421,($409.10),-11.024,"$2,133.90 ",$843.70 ,-209,1403,-,-
725,726,Teradyne,"$3,121.50 ",0.36,$784.10 ,0.677,"$3,652.30 ","$20,267.60 ",195,5500,-,-
726,727,BlueLinx Holdings,"$3,097.30 ",0.174,$80.90 ,-,"$1,048.10 ",$371.10 ,125,2100,-,-
727,728,Catalent,"$3,094.30 ",0.229,$220.70 ,0.606,"$7,776.50 ","$17,926.60 ",141,13900,-,-
728,729,Comerica,"$3,094 ",-0.189,$474 ,-0.604,"$88,129 ","$10,007.10 ",-70,7681,-,-
729,730,Take-Two Interactive Software,"$3,089 ",0.158,$404.50 ,0.212,"$4,948.80 ","$20,351.90 ",115,5800,-,-
730,731,EnerSys,"$3,087.90 ",0.1,$137.10 ,-0.144,"$3,301.70 ","$3,876 ",93,11400,-,-
731,732,Teledyne Technologies,"$3,086.20 ",-0.024,$401.90 ,-0.001,"$5,084.80 ","$15,314.30 ",19,10670,-,-
732,733,Marathon Oil,"$3,086 ",-0.405,"($1,451)",-4.023,"$17,956 ","$8,427.30 ",-199,1672,-,-
733,734,Mettler-Toledo International,"$3,085.20 ",0.025,$602.70 ,0.074,"$2,814.50 ","$26,951.70 ",46,15700,-,-
734,735,Terex,"$3,082.40 ",-0.341,($10.60),-1.195,"$3,031.80 ","$3,212.30 ",-159,8200,-,-
735,736,Brinker International,"$3,078.50 ",-0.043,$24.40 ,-0.842,"$2,356 ","$3,230.40 ",9,62200,-,-
736,737,Colfax,"$3,070.80 ",-0.29,$42.60 ,-,"$7,351.50 ","$5,896.70 ",-123,15400,-,-
737,738,Worthington Industries,"$3,059.10 ",-0.186,$78.80 ,-0.487,"$2,331.50 ","$3,476.10 ",-74,9000,-,-
738,739,EQT,"$3,058.80 ",-0.307,($967.20),-,"$18,113.50 ","$5,181.10 ",-134,624,-,-
739,740,IAC/InterActiveCorp,"$3,047.70 ",-,$269.70 ,-,"$9,135.40 ","$19,201.20 ",-,8200,-,-
740,741,M/I Homes,"$3,046.10 ",0.218,$239.90 ,0.88,"$2,643 ","$1,719.50 ",130,1515,-,-
741,742,Meritor,"$3,044 ",-0.306,$245 ,-0.158,"$2,884 ","$2,134 ",-133,8600,-,-
742,743,Garrett Motion,"$3,034 ",-0.066,$80 ,-0.744,"$3,017 ",$393.50 ,-4,7450,-,-
743,744,Option Care Health,"$3,032.60 ",0.313,($8.10),-,"$2,647.40 ","$3,189.90 ",174,5499,-,-
744,745,Carter's,"$3,024.30 ",-0.141,$109.70 ,-0.584,"$3,392.60 ","$3,908.50 ",-56,18000,-,-
745,746,Quad/Graphics,"$3,009 ",-0.273,($128.30),-,"$1,927.70 ",$194.90 ,-116,15800,-,-
746,747,Hexion,"$3,003 ",-0.11,($230),-,"$4,002 ",-,-30,2600,-,-
747,748,Tetra Tech,"$2,994.90 ",-0.036,$173.90 ,0.096,"$2,378.60 ","$7,359.90 ",13,20000,-,-
748,749,Allegheny Technologies,"$2,982.10 ",-0.277,"($1,572.60)",-7.105,"$4,034.90 ","$2,671 ",-116,6500,-,-
749,750,Meredith,"$2,960.70 ",-0.18,($234.30),-6.06,"$5,510.10 ","$1,359 ",-69,5330,-,-
750,751,ResMed,"$2,957 ",0.134,$621.70 ,0.537,"$4,587.40 ","$28,231.70 ",107,7770,-,-
751,752,JetBlue Airways,"$2,957 ",-0.635,"($1,354)",-3.38,"$13,406 ","$6,440.40 ",-358,18485,-,-
752,753,iHeartMedia,"$2,948.20 ",-0.2,"($1,914.70)",-,"$9,203 ","$2,584.60 ",-85,9588,-,-
753,754,Zions Bancorp.,"$2,942 ",-0.093,$539 ,-0.339,"$81,479 ","$8,993.30 ",-14,9678,-,-
754,755,ArcBest,"$2,940.20 ",-0.016,$71.10 ,0.778,"$1,779 ","$1,787.10 ",31,13000,-,-
755,756,TEGNA,"$2,937.80 ",0.278,$482.80 ,0.687,"$6,848.70 ","$4,154.40 ",164,6430,-,-
756,757,Crane,"$2,936.90 ",-0.105,$181 ,0.358,"$4,588.90 ","$5,474.90 ",-22,11000,-,-
757,758,Carlyle Group,"$2,934.60 ",-0.131,$348.20 ,-0.086,"$15,644.80 ","$13,020.20 ",-45,1825,-,-
758,759,AptarGroup,"$2,929.30 ",0.024,$214 ,-0.116,"$3,990.10 ","$9,352 ",53,13000,-,-
759,760,Charles River Laboratories International,"$2,923.90 ",0.115,$364.30 ,0.446,"$5,490.80 ","$14,552.40 ",95,18400,-,-
760,761,Selective Insurance Group,"$2,922.30 ",0.027,$246.40 ,-0.093,"$9,687.90 ","$4,354.10 ",53,2400,-,-
761,762,Public Storage,"$2,915.10 ",0.024,"$1,357.20 ",-0.107,"$11,816.50 ","$43,131.10 ",51,5400,-,-
762,763,Regal Rexnord,"$2,907 ",-0.102,$189.30 ,-0.208,"$4,589 ","$5,796.20 ",-22,23000,-,-
763,764,McAfee,"$2,906 ",0.103,($118),-,"$5,428 ","$9,764.50 ",-,6916,-,-
764,765,Triumph Group,"$2,900.10 ",-0.138,($28.10),-,"$2,980.30 ","$1,010.50 ",-46,9989,-,-
765,766,Valmont Industries,"$2,895.40 ",0.046,$140.70 ,-0.085,"$2,953.20 ","$5,053.70 ",61,10844,-,-
766,767,A.O. Smith,"$2,895.30 ",-0.033,$344.90 ,-0.068,"$3,160.70 ","$10,932.70 ",18,13900,-,-
767,768,Graham Holdings,"$2,889.10 ",-0.015,$300.40 ,-0.084,"$6,444.10 ","$2,813.10 ",27,16661,-,-
768,769,Marriott Vacations Worldwide,"$2,886 ",-0.337,($275),-2.993,"$8,898 ","$7,183.20 ",-157,18000,-,-
769,769,DoorDash,"$2,886 ",2.261,($461),-,"$6,353 ","$42,153.50 ",-,3886,-,-
770,771,Moog,"$2,884.60 ",-0.007,$9.20 ,-0.949,"$3,225.80 ","$2,664.80 ",29,12623,-,-
771,772,Peabody Energy,"$2,881.10 ",-0.377,"($1,870.30)",-,"$4,667.10 ",$300.90 ,-190,4600,-,-
772,773,Hill-Rom Holdings,"$2,881 ",-0.009,$223 ,0.465,"$4,671.10 ","$7,331.70 ",26,10000,-,-
773,774,Avaya Holdings,"$2,873 ",-0.005,($680),-,"$6,231 ","$2,351.80 ",33,8266,-,-
774,775,Energizer Holdings,"$2,860.60 ",0.048,($93.30),-2.826,"$5,728.30 ","$3,244.70 ",59,5900,-,-
775,776,Comfort Systems USA,"$2,856.70 ",0.092,$150.10 ,0.313,"$1,757.40 ","$2,705.60 ",80,11100,-,-
776,777,RH,"$2,848.60 ",0.076,$271.80 ,0.233,"$2,898.30 ","$12,526.70 ",73,4750,-,-
777,778,Atmos Energy,"$2,821.10 ",-0.028,$601.40 ,0.176,"$15,359 ","$12,668.70 ",24,4694,-,-
778,779,AMC Networks,"$2,815 ",-0.08,$240 ,-0.369,"$5,246.30 ","$2,204 ",-8,2180,-,-
779,780,Rent-A-Center,"$2,814.20 ",0.054,$208.10 ,0.199,"$1,751 ","$3,137.50 ",64,14320,-,-
780,781,Diamondback Energy,"$2,813 ",-0.29,"($4,517)",-19.821,"$17,619 ","$13,288.70 ",-134,732,-,-
781,782,Hyster-Yale Materials Handling,"$2,812.10 ",-0.146,$37.10 ,0.036,"$1,859.50 ","$1,464.70 ",-48,7600,-,-
782,783,Resolute Forest Products,"$2,800 ",-0.042,$10 ,-,"$3,730 ",$884.90 ,13,7100,-,-
783,784,LCI Industries,"$2,796.20 ",0.179,$158.40 ,0.081,"$2,298 ","$3,328 ",116,12400,-,-
784,785,Greenbrier,"$2,792.20 ",-0.08,$49 ,-0.311,"$3,173.80 ","$1,550 ",-8,10600,-,-
785,786,H.B. Fuller,"$2,790.30 ",-0.037,$123.70 ,-0.054,"$4,036.70 ","$3,286.90 ",19,6428,-,-
786,787,Louisiana-Pacific,"$2,788 ",0.207,$499 ,-,"$2,086 ","$5,909 ",132,4500,-,-
787,788,Verisk Analytics,"$2,784.60 ",0.068,$712.70 ,0.584,"$7,561.80 ","$28,763.60 ",69,8960,-,-
788,789,Western Midstream Partners,"$2,772.60 ",0.01,$527 ,-0.244,"$11,830 ","$7,678.80 ",-,1045,-,-
789,790,Boston Properties,"$2,765.70 ",-0.066,$872.70 ,0.673,"$22,858.20 ","$15,776.90 ",-1,750,-,-
790,791,Joann,"$2,762.30 ",0.233,$212.30 ,-,"$2,337.30 ",$409.80 ,-,27500,-,-
791,792,Mr. Cooper Group,"$2,733 ",0.362,$305 ,0.113,"$24,165 ","$3,150 ",204,9800,-,-
792,793,Amica Mutual Insurance,"$2,728 ",-0.029,$183.70 ,0.06,"$6,774.40 ",-,30,3832,-,-
793,794,Scientific Games,"$2,724 ",-0.199,($569),-,"$7,984 ","$3,674.40 ",-83,9000,-,-
794,795,TopBuild,"$2,718 ",0.036,$247 ,0.293,"$2,815.30 ","$6,925.40 ",59,10540,-,-
795,796,TransUnion,"$2,716.60 ",0.023,$343.20 ,-0.011,"$7,311.60 ","$17,214.50 ",51,8200,-,-
796,797,PAE,"$2,714.60 ",-0.018,$15.30 ,-,"$1,829.40 ",$839.50 ,31,20000,-,-
797,798,First Solar,"$2,711.30 ",-0.115,$398.40 ,-,"$7,108.90 ","$9,252.60 ",-28,5100,-,-
798,799,Rackspace Technology,"$2,707.10 ",0.11,($245.80),-,"$6,377.80 ","$4,887.30 ",-,7200,-,-
799,800,IDEXX Laboratories,"$2,706.70 ",0.125,$581.80 ,0.36,"$2,294.60 ","$41,899.50 ",87,9300,-,-
800,801,Vontier,"$2,704.60 ",-,$342 ,-,"$3,073 ","$5,101.90 ",-,8400,-,-
801,802,SiteOne Landscape Supply,"$2,704.50 ",0.147,$121.30 ,0.561,"$1,695.70 ","$7,579.50 ",102,4680,-,-
802,803,Laureate Education,"$2,699.50 ",-0.281,($613.30),-1.654,"$4,970.90 ","$2,703.90 ",-137,30000,-,-
803,804,Central Garden & Pet,"$2,695.50 ",0.131,$120.70 ,0.301,"$2,339.40 ","$2,937 ",92,5950,-,-
804,805,Cadence Design Systems,"$2,682.90 ",0.148,$590.60 ,-0.403,"$3,950.80 ","$38,229.90 ",105,8746,-,-
805,806,Stericycle,"$2,675.50 ",-0.191,($57.30),-,"$5,581.90 ","$6,184.50 ",-75,15290,-,-
806,807,Incyte,"$2,666.70 ",0.235,($295.70),-1.662,"$3,560.90 ","$17,866.70 ",146,1773,-,-
807,808,EPAM Systems,"$2,659.50 ",0.159,$327.20 ,0.253,"$2,721.30 ","$22,285.80 ",115,41168,-,-
808,809,Lincoln Electric Holdings,"$2,655.40 ",-0.116,$206.10 ,-0.297,"$2,314.50 ","$7,334.60 ",-26,10700,-,-
809,810,Zoom Video Communications,"$2,651.40 ",3.258,$672.30 ,25.569,"$5,298 ","$94,367.70 ",-,4422,-,-
810,811,H&R Block,"$2,639.70 ",-0.147,($7.50),-1.018,"$5,112 ","$3,955.20 ",-47,42000,-,-
811,812,Kansas City Southern,"$2,632.60 ",-0.081,$617 ,0.145,"$9,964 ","$24,000 ",-1,6522,-,-
812,813,Cabot,"$2,614 ",-0.217,($238),-2.516,"$2,781 ","$2,969 ",-87,4500,-,-
813,814,Brown & Brown,"$2,613.40 ",0.092,$480.50 ,0.206,"$8,966.50 ","$12,958.20 ",79,10843,-,-
814,815,Popular,"$2,603.90 ",-0.08,$506.60 ,-0.245,"$65,926 ","$5,933.50 ",5,8522,-,-
815,816,Fortinet,"$2,594.40 ",0.199,$488.50 ,0.473,"$4,044.50 ","$30,095.70 ",138,8238,-,-
816,817,PC Connection,"$2,590.30 ",-0.081,$55.80 ,-0.321,"$1,015.40 ","$1,214.30 ",5,2598,-,-
817,818,Continental Resources,"$2,586.50 ",-0.442,($596.90),-1.77,"$14,633.10 ","$9,447.60 ",-237,1201,-,-
818,819,Opendoor Technologies,"$2,583.10 ",-0.455,($286.80),-,"$2,175.60 ","$12,231.50 ",-,1048,-,-
819,820,Nu Skin Enterprises,"$2,581.90 ",0.067,$191.40 ,0.103,"$1,957.10 ","$2,689.20 ",64,26000,-,-
820,821,Donaldson,"$2,581.80 ",-0.092,$257 ,-0.038,"$2,244.60 ","$7,335.30 ",-5,12400,-,-
821,822,Hawaiian Electric Industries,"$2,579.80 ",-0.103,$197.80 ,-0.092,"$15,004 ","$4,855.40 ",-12,3702,-,-
822,823,NLV Financial,"$2,573.40 ",-0.072,$193.60 ,-0.134,"$40,351.70 ",-,3,1155,-,-
823,824,Equity Residential,"$2,571.70 ",-0.048,$913.60 ,-0.058,"$20,286.90 ","$26,693.90 ",14,2600,-,-
824,825,Mednax,"$2,564.80 ",-0.27,($796.50),-,"$3,347.90 ","$2,195.40 ",-134,7900,-,-
825,826,MRC Global,"$2,560 ",-0.301,($274),-8.026,"$1,781 ",$746.60 ,-152,2600,-,-
826,827,Overstock.com,"$2,549.80 ",0.747,$56 ,-,$830.20 ,"$3,151.30 ",-,1750,-,-
827,828,Visteon,"$2,548 ",-0.135,($56),-1.8,"$2,271 ","$3,404.30 ",-34,10000,-,-
828,829,Bio-Rad Laboratories,"$2,545.60 ",0.101,"$3,806.30 ",1.164,"$12,972.60 ","$17,046.30 ",88,8000,-,-
829,830,Univision Communications,"$2,541.90 ",-0.06,($23.80),-1.083,"$9,288.10 ",-,7,4500,-,-
830,831,ContextLogic,"$2,541 ",0.337,($745),-,"$2,397 ","$9,764.40 ",-,875,-,-
831,832,Teleflex,"$2,537.20 ",-0.022,$335.30 ,-0.273,"$7,152.60 ","$19,421.80 ",27,14000,-,-
832,833,Cracker Barrel Old Country Store,"$2,522.80 ",-0.179,($32.50),-1.145,"$2,544.30 ","$4,101.60 ",-66,55000,-,-
833,834,Cooper Tire & Rubber,"$2,521.10 ",-0.084,$142.80 ,0.481,"$2,971.60 ","$2,826.20 ",-4,9839,-,-
834,835,ManTech International,"$2,518.40 ",0.133,$120.50 ,0.058,"$2,213.70 ","$3,521.70 ",102,9400,-,-
835,836,Hillenbrand,"$2,517 ",0.393,($60.10),-1.495,"$3,987.40 ","$3,580.80 ",-,11000,-,-
836,837,Middleby,"$2,513.30 ",-0.151,$207.30 ,-0.411,"$5,202.50 ","$9,222.10 ",-46,9289,-,-
837,838,Echo Global Logistics,"$2,511.50 ",0.149,$15.80 ,0.066,$963.90 ,$835.80 ,113,2593,-,-
838,839,Snap,"$2,506.60 ",0.461,($944.80),-,"$5,024.20 ","$78,869.20 ",-,3863,-,-
839,840,Vishay Intertechnology,"$2,501.90 ",-0.062,$122.90 ,-0.25,"$3,154.50 ","$3,485.10 ",6,21600,-,-
840,841,Columbia Sportswear,"$2,501.60 ",-0.178,$108 ,-0.673,"$2,836.60 ","$7,012.40 ",-67,7275,-,-
841,842,Woodward,"$2,495.70 ",-0.139,$240.40 ,-0.074,"$3,903.30 ","$7,605 ",-39,7248,-,-
842,843,MillerKnoll,"$2,486.60 ",-0.031,($9.10),-1.057,"$2,053.90 ","$2,427 ",21,7600,-,-
843,844,Patrick Industries,"$2,486.60 ",0.064,$97.10 ,0.084,"$1,753.40 ","$2,001.20 ",65,8700,-,-
844,845,Generac Holdings,"$2,485.20 ",0.127,$350.60 ,0.391,"$3,235.40 ","$20,584 ",101,6625,-,-
845,846,PROG Holdings,"$2,484.60 ",-0.371,($61.50),-2.953,"$1,317.40 ","$2,931.90 ",-197,1868,-,-
846,847,Euronet Worldwide,"$2,482.70 ",-0.097,($3.40),-1.01,"$4,926.70 ","$7,295.70 ",-16,8100,-,-
847,848,Interactive Brokers Group,"$2,479 ",-0.039,$195 ,0.211,"$95,679 ","$6,634.30 ",14,2033,-,-
848,849,ITT,"$2,477.80 ",-0.129,$72.50 ,-0.777,"$4,277.60 ","$7,863.70 ",-34,9700,-,-
849,850,Align Technology,"$2,471.90 ",0.027,"$1,775.90 ",3.011,"$4,829.70 ","$42,854.30 ",38,18070,-,-
850,851,Enable Midstream Partners,"$2,463 ",-0.168,$88 ,-0.778,"$11,729 ","$2,822.50 ",-61,1706,-,-
851,852,FTI Consulting,"$2,461.30 ",0.046,$210.70 ,-0.028,"$2,777.40 ","$4,797.50 ",54,6321,-,-
852,853,Cooper,"$2,430.90 ",-0.084,$238.40 ,-0.489,"$6,737.50 ","$18,878.40 ",-5,12000,-,-
853,854,Country Financial,"$2,429.30 ",-0.372,$284.40 ,0.7,"$15,133.90 ",-,-198,3346,-,-
854,855,Magellan Midstream Partners,"$2,427.80 ",-0.11,$817 ,-0.2,"$8,197 ","$9,681.50 ",-20,1720,-,-
855,856,Floor & Decor Holdings,"$2,425.80 ",0.186,$195 ,0.294,"$2,880.40 ","$9,988.20 ",127,7593,-,-
856,857,American Equity Investment Life Holding,"$2,424.60 ",-0.3,$671.50 ,1.729,"$71,389.70 ","$3,009 ",-155,656,-,-
857,858,Griffon,"$2,407.50 ",0.09,$53.40 ,0.433,"$2,456 ","$1,534.80 ",86,7400,-,-
858,859,Ensign Group,"$2,402.60 ",0.051,$170.50 ,0.542,"$2,545.60 ","$5,132.60 ",67,24400,-,-
859,860,Texas Roadhouse,"$2,398.10 ",-0.13,$31.30 ,-0.821,"$2,325.20 ","$6,679.30 ",-31,32474,-,-
860,861,Mueller Industries,"$2,398 ",-0.013,$139.50 ,0.382,"$1,528.60 ","$2,361.70 ",22,5007,-,-
861,862,AMN Healthcare Services,"$2,393.70 ",0.077,$70.70 ,-0.38,"$2,353.50 ","$3,477.20 ",77,3000,-,-
862,863,Curtiss-Wright,"$2,391.30 ",-0.039,$201.40 ,-0.345,"$4,021.30 ","$4,853 ",12,8200,-,-
863,864,Match Group,"$2,391.30 ",-0.497,$128.60 ,-0.702,"$2,977 ","$36,951.30 ",-296,1890,-,-
864,865,Fleetcor Technologies,"$2,388.90 ",-0.098,$704.20 ,-0.213,"$11,194.60 ","$22,408.10 ",-16,8400,-,-
865,866,Matson,"$2,383.30 ",0.082,$193.10 ,1.335,"$2,900.60 ","$2,897.10 ",81,4149,-,-
866,867,Gray Television,"$2,381 ",0.122,$410 ,1.291,"$7,643 ","$1,748.10 ",95,7140,-,-
867,868,II-VI,"$2,380.10 ",0.747,($67),-1.623,"$5,234.70 ","$7,167.10 ",-,22969,-,-
868,869,Ashland Global Holdings,"$2,377 ",-0.322,($508),-2.006,"$6,877 ","$5,385.40 ",-175,4500,-,-
869,870,Cooper-Standard Holdings,"$2,375.40 ",-0.236,($267.60),-4.963,"$2,611.90 ",$613.70 ,-111,26550,-,-
870,871,Werner Enterprises,"$2,372.20 ",-0.037,$169.10 ,0.013,"$2,156.70 ","$3,208 ",9,12292,-,-
871,872,Playtika Holding,"$2,371.50 ",0.256,$92.10 ,-0.681,"$1,776.20 ","$11,145.30 ",-,3800,-,-
872,873,LGI Homes,"$2,367.90 ",0.288,$323.90 ,0.813,"$1,826.10 ","$3,712.40 ",-,938,-,-
873,874,Waters,"$2,365.40 ",-0.017,$521.60 ,-0.119,"$2,839.90 ","$17,671.30 ",15,7412,-,-
874,875,Lyft,"$2,364.70 ",-0.346,"($1,752.90)",-,"$4,679 ","$20,781.80 ",-195,4675,-,-
875,876,Healthpeak Properties,"$2,364 ",0.184,$413.60 ,8.083,"$15,920.10 ","$17,103.80 ",122,217,-,-
876,877,Winnebago Industries,"$2,355.50 ",0.186,$61.40 ,-0.45,"$1,713.70 ","$2,577.50 ",-,5505,-,-
877,878,Knights of Columbus,"$2,353.30 ",-0.014,$95 ,-0.359,"$27,658.10 ",-,17,750,-,-
878,879,SLM,"$2,353.10 ",-0.011,$880.70 ,0.523,"$30,770.40 ","$6,535.20 ",19,1600,-,-
879,880,Valvoline,"$2,353 ",-0.015,$317 ,0.524,"$3,051 ","$4,729.70 ",14,8800,-,-
880,881,IDEX,"$2,351.60 ",-0.057,$377.80 ,-0.112,"$4,414.40 ","$15,891.60 ",-8,7075,-,-
881,882,F5 Networks,"$2,350.80 ",0.048,$307.40 ,-0.281,"$4,677.90 ","$12,861.60 ",50,6109,-,-
882,883,GEO Group,"$2,350.10 ",-0.052,$113 ,-0.322,"$4,460.10 ",$941.30 ,-5,20000,-,-
883,884,BrightView Holdings,"$2,346 ",-0.024,($41.60),-1.937,"$3,071 ","$1,773.80 ",7,19900,-,-
884,885,Hovnanian Enterprises,"$2,343.90 ",0.162,$50.90 ,-,"$1,827.30 ",$650.50 ,106,1697,-,-
885,886,Sprague Resources,"$2,336 ",-0.333,$33.80 ,0.082,"$1,199.40 ",$502.30 ,-190,765,-,-
886,887,Summit Materials,"$2,332.50 ",0.05,$138 ,1.336,"$4,308 ","$3,216.60 ",51,6000,-,-
887,888,MKS Instruments,"$2,330 ",0.226,$350.10 ,1.494,"$3,903.80 ","$10,245.40 ",-,5600,-,-
888,889,Arista Networks,"$2,317.50 ",-0.039,$634.60 ,-0.262,"$4,738.90 ","$23,043.70 ",-3,2613,-,-
889,890,Alexandria Real Estate Equities,"$2,315.10 ",0.334,$771 ,1.123,"$22,827.90 ","$22,458.60 ",-,470,-,-
890,891,Synovus Financial,"$2,311 ",-0.04,$373.70 ,-0.337,"$54,394.20 ","$6,800.50 ",-1,5134,-,-
891,892,Viasat,"$2,309.20 ",0.117,($0.20),-,"$4,883.90 ","$3,294.20 ",80,6100,-,-
892,893,Southwestern Energy,"$2,308 ",-0.24,"($3,112)",-4.493,"$5,160 ","$3,136.20 ",-117,900,-,-
893,894,People's United Financial,"$2,307.70 ",-0.002,$219.60 ,-0.578,"$63,091.80 ","$7,632.10 ",22,5814,-,-
894,895,Hilltop Holdings,"$2,306.90 ",0.267,$447.80 ,0.988,"$16,944.30 ","$2,805.10 ",-,4925,-,-
895,896,AvalonBay Communities,"$2,301.30 ",-0.01,$827.60 ,0.053,"$19,199.10 ","$25,744.20 ",16,3028,-,-
896,897,Federated Mutual Insurance,"$2,290.20 ",0.073,$198.20 ,-0.137,"$9,574.50 ",-,62,2689,-,-
897,898,Stewart Information Services,"$2,288.40 ",0.18,$154.90 ,0.97,"$1,978.60 ","$1,392 ",-,5800,-,-
898,899,Evercore,"$2,285.30 ",0.126,$350.60 ,0.179,"$3,370.90 ","$5,536.10 ",89,1791,-,-
899,900,Envista Holdings,"$2,282 ",-,$33.30 ,-,"$6,876 ","$6,531.40 ",-,12400,-,-
900,901,TCF Financial,"$2,281.70 ",0.112,$222.80 ,-0.246,"$47,802.50 ","$7,090 ",78,6833,-,-
901,902,REV Group,"$2,277.60 ",-0.052,($30.50),-,"$1,312.30 ","$1,236.20 ",-10,7060,-,-
902,903,Calumet Specialty Products Partners,"$2,268.20 ",-0.343,($149),-,"$1,808.30 ",$479.70 ,-198,1400,-,-
903,904,Crestwood Equity Partners,"$2,254.30 ",-0.292,($56.10),-1.197,"$5,243.70 ","$2,074.60 ",-156,731,-,-
904,905,TTM Technologies,"$2,249.30 ",-0.164,$177.50 ,3.299,"$2,895.90 ","$1,550.10 ",-64,16700,-,-
905,906,MYR Group,"$2,247.40 ",0.085,$58.80 ,0.559,$995.90 ,"$1,203.20 ",65,7200,-,-
906,907,Designer Brands,"$2,234.70 ",-0.36,($488.70),-6.172,"$1,976.60 ","$1,259.80 ",-209,11400,-,-
907,908,Splunk,"$2,229.40 ",-0.055,($908),-,"$5,868.50 ","$22,196.90 ",-5,6500,-,-
908,909,Primerica,"$2,217.50 ",0.08,$386.20 ,0.054,"$14,905.30 ","$5,826.20 ",71,2528,-,-
909,910,Copart,"$2,205.60 ",0.08,$699.90 ,0.183,"$3,455.30 ","$25,666.40 ",74,7600,-,-
910,911,CDK Global,"$2,195.10 ",-0.059,$207.50 ,0.673,"$2,854.10 ","$6,582.10 ",-,9000,-,-
911,912,Maxim Integrated Products,"$2,191.40 ",-0.053,$654.70 ,-0.209,"$3,629.30 ","$24,490.90 ",3,7115,-,-
912,913,Kar Auction Services,"$2,187.70 ",-0.376,$0.50 ,-0.997,"$6,798.20 ","$1,945.50 ",-220,9400,-,-
913,914,Ohio National Mutual,"$2,181.80 ",-0.068,-,-,"$41,091 ",-,-6,1082,-,-
914,915,Carpenter Technology,"$2,181.10 ",-0.084,$1.50 ,-0.991,"$3,227.20 ","$1,976.30 ",-18,4600,-,-
915,916,Boyd Gaming,"$2,178.50 ",-0.345,($134.70),-1.855,"$6,558.90 ","$6,608.30 ",-188,14284,-,-
916,917,Unisys,"$2,175.80 ",-0.262,$750.70 ,-,"$2,707.90 ","$1,702.60 ",-124,17200,-,-
917,918,Seagen,"$2,175.50 ",1.373,$613.70 ,-,"$4,000.90 ","$25,176.10 ",-,2092,-,-
918,919,Itron,"$2,173.40 ",-0.132,($58),-2.183,"$2,607 ","$4,000 ",-49,6451,-,-
919,920,Kirby,"$2,171.40 ",-0.235,($272.50),-2.915,"$5,924.20 ","$3,622 ",-102,5400,-,-
920,921,Rollins,"$2,161.20 ",0.072,$260.80 ,0.283,"$1,845.90 ","$16,939.10 ",72,15616,-,-
921,922,Travel + Leisure,"$2,160 ",-0.466,($255),-1.503,"$7,613 ","$5,255.60 ",-282,15500,-,-
922,923,Terminix Global Holdings,"$2,159 ",0.039,$551 ,3.305,"$4,837 ","$6,285.80 ",44,11400,-,-
923,924,Franchise Group,"$2,152.50 ",7.11,$25.10 ,-,"$1,837.70 ","$1,447.80 ",-,6421,-,-
924,925,West Pharmaceutical Services,"$2,146.90 ",0.167,$346.20 ,0.432,"$2,793.80 ","$20,809.50 ",-,9200,-,-
925,926,Portland General Electric,"$2,145 ",0.01,$155 ,-0.276,"$9,069 ","$4,252.20 ",35,3639,-,-
926,927,Flagstar Bancorp,"$2,144 ",0.527,$538 ,1.468,"$31,038 ","$2,375.80 ",-,5214,-,-
927,928,Renewable Energy Group,"$2,137.10 ",-0.191,$122.80 ,-0.677,"$1,461.40 ","$2,977.40 ",-77,895,-,-
928,929,Deckers Outdoor,"$2,132.70 ",0.056,$276.10 ,0.045,"$1,765.10 ","$9,307.90 ",60,3600,-,-
929,930,SkyWest,"$2,127.10 ",-0.284,($8.50),-1.025,"$6,887.60 ","$2,740.60 ",-142,12502,-,-
930,931,Beazer Homes USA,"$2,127.10 ",0.019,$52.20 ,-,"$2,007.50 ",$653.60 ,34,1063,-,-
931,932,BWX Technologies,"$2,123.50 ",0.121,$278.70 ,0.142,"$2,293.50 ","$6,273.60 ",-,6700,-,-
932,933,OGE Energy,"$2,122.30 ",-0.049,($173.70),-1.401,"$10,718.80 ","$6,472.70 ",1,2360,-,-
933,934,Nordson,"$2,121.10 ",-0.033,$249.50 ,-0.26,"$3,674.70 ","$11,540.50 ",15,7555,-,-
934,935,Caleres,"$2,117.10 ",-0.275,($439.10),-7.99,"$1,867.10 ",$827.30 ,-138,6650,-,-
935,936,BOK Financial,"$2,112.90 ",-0.051,$435 ,-0.131,"$46,671.10 ","$6,212.10 ",-,4915,-,-
936,937,AAR,"$2,112.40 ",-0.016,$4.40 ,-0.413,"$2,079 ","$1,471.10 ",19,5400,-,-
937,938,Apollo Global Management,"$2,110.90 ",-0.329,$156.60 ,-0.814,"$23,669.10 ","$10,904.70 ",-184,1729,-,-
938,939,Amedisys,"$2,105.90 ",0.077,$183.60 ,0.448,"$1,567.20 ","$8,698 ",-,21000,-,-
939,940,Wynn Resorts,"$2,095.90 ",-0.683,"($2,067.20)",-17.809,"$13,869.50 ","$14,497.80 ",-486,27500,-,-
940,941,Hain Celestial Group,"$2,084.30 ",-0.231,($80.40),-,"$2,188.50 ","$4,356 ",-105,4287,-,-
941,942,SBA Communications,"$2,083.10 ",0.034,$24.10 ,-0.836,"$9,158 ","$30,343 ",52,1483,-,-
942,943,Allison Transmission Holdings,"$2,081 ",-0.229,$299 ,-0.505,"$4,477 ","$4,536.90 ",-104,3300,-,-
943,944,Chemed,"$2,079.60 ",0.073,$319.50 ,0.453,"$1,434.90 ","$7,372.20 ",-,15544,-,-
944,945,Aerojet Rocketdyne Holdings,"$2,072.70 ",0.046,$137.70 ,-0.023,"$2,899.90 ","$3,758.60 ",-,4969,-,-
945,946,Hyatt Hotels,"$2,066 ",-0.588,($703),-1.918,"$9,129 ","$8,377.50 ",-400,37000,-,-
946,947,LHC Group,"$2,063.20 ",-0.008,$111.60 ,0.166,"$2,483.40 ","$6,041.20 ",19,21150,-,-
947,948,BGC Partners,"$2,056.70 ",-0.023,$48.90 ,0.028,"$3,949.30 ","$1,785.20 ",15,4950,-,-
948,949,G-III Apparel Group,"$2,055.10 ",-0.35,$23.50 ,-0.836,"$2,436.40 ","$1,458.10 ",-197,3050,-,-
949,950,Benchmark Electronics,"$2,053.10 ",-0.095,$14.10 ,-0.4,"$1,744.20 ","$1,123.20 ",-20,11234,-,-
950,951,Affiliated Managers Group,"$2,027.50 ",-0.095,$202.20 ,11.879,"$7,888.90 ","$6,352 ",-18,3900,-,-
951,952,CoreLogic,"$2,016.70 ",0.144,$301.40 ,5.103,"$4,283.20 ","$5,830.50 ",-,5300,-,-
952,953,Air Lease,"$2,015.40 ",-0.001,$516.30 ,-0.121,"$25,215.20 ","$5,590.50 ",39,120,-,-
953,954,NewMarket,"$2,010.90 ",-0.082,$270.60 ,0.064,"$1,933.90 ","$4,154.40 ",-4,2105,-,-
954,955,Trinity Industries,"$1,999.40 ",-0.335,($147.30),-2.07,"$8,701.80 ","$3,161.60 ",-174,6375,-,-
955,956,Amneal Pharmaceuticals,"$1,992.50 ",0.225,$91.10 ,-,"$4,006 ","$2,022.70 ",-,6000,-,-
956,957,Americold Realty Trust,"$1,987.70 ",0.114,$24.50 ,-0.49,"$7,831.20 ","$9,708.50 ",-,16300,-,-
957,958,Bruker,"$1,987.50 ",-0.041,$157.80 ,-0.2,"$3,049 ","$9,742.60 ",10,7400,-,-
958,959,Cheesecake Factory,"$1,983.20 ",-0.201,($253.40),-2.99,"$2,747.10 ","$2,715.40 ",-83,42500,-,-
959,960,Zurn Water Solutions,"$1,980.10 ",-0.038,$146.70 ,-0.262,"$3,041.10 ","$5,632.60 ",-8,6570,-,-
960,961,Korn Ferry,"$1,977.30 ",0.002,$104.90 ,0.022,"$2,743.80 ","$3,368.40 ",-,8198,-,-
961,962,Modine Manufacturing,"$1,975.50 ",-0.107,($2.20),-1.026,"$1,536.10 ",$759.50 ,-19,11300,-,-
962,963,Zynga,"$1,974.80 ",0.494,($429.40),-11.242,"$6,206.50 ","$11,057.40 ",-,2245,-,-
963,964,Belden,"$1,971.90 ",-0.209,($55.20),-,"$3,139.70 ","$1,981.40 ",-90,6300,-,-
964,965,Murphy Oil,"$1,971.40 ",-0.53,"($1,148.80)",-1.999,"$10,620.90 ","$2,532.30 ",-340,675,-,-
965,966,Range Resources,"$1,968.70 ",-0.304,($711.80),-,"$6,136.90 ","$2,671 ",-145,533,-,-
966,967,B&G Foods,"$1,967.90 ",0.185,$132 ,0.728,"$3,767.60 ","$2,010.40 ",-,3207,-,-
967,968,Vail Resorts,"$1,963.70 ",-0.136,$98.80 ,-0.672,"$5,244.20 ","$11,741.10 ",-39,25400,-,-
968,969,Five Below,"$1,962.10 ",0.062,$123.40 ,-0.295,"$2,314.80 ","$10,677.20 ",-,12050,-,-
969,970,First Citizens BancShares,"$1,960.80 ",0.077,$491.70 ,0.075,"$49,957.70 ","$8,148.20 ",-,6587,-,-
970,971,HNI,"$1,955.40 ",-0.13,$41.90 ,-0.621,"$1,418 ","$1,698.50 ",-40,7600,-,-
971,972,New Jersey Resources,"$1,953.70 ",-0.246,$193.90 ,0.144,"$5,569.80 ","$3,837.50 ",-112,1156,-,-
972,973,Edgewell Personal Care,"$1,949.70 ",-0.089,$67.60 ,-,"$3,540.90 ","$2,149.40 ",-15,5800,-,-
973,974,TTEC Holdings,"$1,949.20 ",0.186,$118.60 ,0.538,"$1,516.40 ","$4,695 ",-,61000,-,-
974,975,Arcosa,"$1,935.60 ",0.114,$106.60 ,-0.059,"$2,646.70 ","$3,135.70 ",-,6410,-,-
975,976,DexCom,"$1,926.70 ",0.305,$493.60 ,3.882,"$4,290.50 ","$34,755.10 ",-,5950,-,-
976,977,Green Plains,"$1,923.70 ",-0.37,($108.80),-,"$1,578.90 ","$1,208.80 ",-204,839,-,-
977,978,Teledyne FLIR,"$1,923.70 ",0.019,$212.60 ,0.239,"$3,252.30 ","$7,411 ",-,4179,-,-
978,979,E.W. Scripps,"$1,915.10 ",0.345,$269.30 ,-,"$4,859.40 ","$1,585.50 ",-,5400,-,-
979,980,Dropbox,"$1,913.90 ",0.152,($256.30),-,"$2,387.20 ","$11,056.40 ",-,2760,-,-
980,981,Universal,"$1,910 ",-0.142,$71.70 ,-0.312,"$2,120.90 ","$1,446.10 ",-46,24000,-,-
981,982,CoreCivic,"$1,905.50 ",-0.038,$54.20 ,-0.713,"$3,709.30 ","$1,088.40 ",-,12415,-,-
982,983,Newmark Group,"$1,905 ",-0.141,$80.10 ,-0.318,"$3,982.50 ","$1,834.60 ",-42,5742,-,-
983,984,Revlon,"$1,904.30 ",-0.213,($619),-,"$2,527.70 ",$657.70 ,-99,6000,-,-
984,985,Covanta Holding,"$1,904 ",0.018,($28),-3.8,"$3,706 ","$1,829.30 ",-,4000,-,-
985,986,ChampionX,"$1,900 ",0.68,($743.90),-15.261,"$3,475.80 ","$4,368.10 ",-,6600,-,-
986,987,EchoStar,"$1,887.90 ",-0.1,($40.20),-,"$7,073.40 ","$2,230.70 ",-23,2400,-,-
987,988,Kennametal,"$1,885.30 ",-0.206,($5.70),-1.023,"$3,037.60 ","$3,338.80 ",-89,8989,-,-
988,989,Valhi,"$1,878.10 ",-0.031,$55.20 ,0.122,"$2,889.30 ",$579.90 ,-,2784,-,-
989,990,Guess,"$1,876.50 ",-0.299,($81.20),-1.846,"$2,465.90 ","$1,495.20 ",-147,11000,-,-
990,991,Harsco,"$1,874.10 ",0.035,($26.30),-1.052,"$2,993.30 ","$1,354.70 ",-,11900,-,-
991,992,Stepan,"$1,869.80 ",0.006,$126.80 ,0.229,"$1,752.30 ","$2,858.90 ",-,2293,-,-
992,993,Clearwater Paper,"$1,868.60 ",0.061,$77.10 ,-,"$1,800.40 ",$624.70 ,-,3340,-,-
993,994,Live Nation Entertainment,"$1,861.20 ",-0.839,"($1,724.50)",-25.675,"$10,589.30 ","$18,457.70 ",-719,8200,-,-
994,995,BioMarin Pharmaceutical,"$1,860.50 ",0.092,$859.10 ,-,"$5,848 ","$13,730 ",-,3059,-,-
995,996,Surgery Partners,"$1,860.10 ",0.016,($116.10),-,"$5,413.20 ","$2,649.40 ",-,9950,-,-
996,997,Entegris,"$1,859.30 ",0.169,$295 ,0.157,"$2,917.70 ","$15,120.70 ",-,5800,-,-
997,998,Sleep Number,"$1,856.60 ",0.093,$139.20 ,0.701,$800.10 ,"$3,560.30 ",-,4625,-,-
998,999,Spire,"$1,855.40 ",-0.05,$88.60 ,-0.52,"$8,241.20 ","$3,817.50 ",-,3583,-,-
999,1000,Clear Channel Outdoor Holdings,"$1,854.60 ",-0.309,($582.70),-,"$5,755.30 ",$842.10 ,-158,4800,-,-