City,06-Jan,06-Feb,06-Mar,06-Apr,06-May,06-Jun,06-Jul,06-Aug,06-Sep,06-Oct,06-Nov,06-Dec,07-Jan,07-Feb,07-Mar,07-Apr,07-May,07-Jun,07-Jul,07-Aug,07-Sep,07-Oct,07-Nov,07-Dec,08-Jan,08-Feb,08-Mar,08-Apr,08-May,08-Jun,08-Jul,08-Aug,08-Sep,08-Oct,08-Nov,08-Dec,09-Jan,09-Feb,09-Mar,09-Apr,09-May,09-Jun,09-Jul,09-Aug,09-Sep,09-Oct,09-Nov,09-Dec,10-Jan,10-Feb,10-Mar,10-Apr,10-May,10-Jun,10-Jul,10-Aug,10-Sep,10-Oct,10-Nov,10-Dec,11-Jan,11-Feb,11-Mar,11-Apr,11-May,11-Jun,11-Jul,11-Aug,11-Sep,11-Oct,11-Nov,11-Dec,12-Jan,12-Feb,12-Mar,12-Apr,12-May,12-Jun,12-Jul,12-Aug,12-Sep,12-Oct,12-Nov,12-Dec,13-Jan,13-Feb,13-Mar,13-Apr,13-May,13-Jun,13-Jul,13-Aug,13-Sep,13-Oct,13-Nov,13-Dec,14-Jan,14-Feb,14-Mar,14-Apr,14-May,14-Jun,14-Jul,14-Aug,14-Sep,14-Oct,14-Nov,14-Dec,15-Jan,15-Feb,15-Mar,15-Apr,15-May,15-Jun,15-Jul,15-Aug,15-Sep,15-Oct,15-Nov,15-Dec,16-Jan,16-Feb,16-Mar,16-Apr,16-May,16-Jun,16-Jul,16-Aug,16-Sep,16-Oct,16-Nov,16-Dec,17-Jan,17-Feb,17-Mar,17-Apr,17-May,17-Jun,17-Jul,17-Aug,17-Sep,17-Oct,17-Nov,17-Dec,18-Jan,18-Feb,18-Mar,18-Apr,18-May,18-Jun,18-Jul,18-Aug,18-Sep,18-Oct,18-Nov,18-Dec,19-Jan,19-Feb,19-Mar,19-Apr,19-May,19-Jun,19-Jul,19-Aug,19-Sep,19-Oct,19-Nov,19-Dec,20-Jan,20-Feb,20-Mar,20-Apr,20-May,20-Jun,20-Jul,20-Aug,20-Sep,20-Oct,20-Nov,20-Dec,21-Jan,21-Feb,21-Mar,21-Apr,21-May,21-Jun,21-Jul,21-Aug,21-Sep,21-Oct,21-Nov,21-Dec,22-Jan,22-Feb,22-Mar,22-Apr,22-May,22-Jun,22-Jul,22-Aug,22-Sep,22-Oct,22-Nov,22-Dec,23-Jan,23-Feb,23-Mar,23-Apr,23-May,23-Jun,23-Jul,23-Aug,23-Sep,23-Oct,23-Nov,23-Dec,24-Jan,24-Feb,24-Mar,24-Apr,24-May,24-Jun,24-Jul,24-Aug,24-Sep,24-Oct,24-Nov,24-Dec,25-Jan,25-Feb,25-Mar,25-Apr,25-May,25-Jun
Montréal,107.9,107.9,108.2,108.9,109,108.8,108.9,108.9,108.4,108.6,108.7,108.6,108.7,109.5,110.3,110.5,110.8,110.5,110.5,110,110.4,110.4,110.7,111,110.8,111.3,111.5,112.2,113.4,113.8,113.9,113.3,113.8,112.9,112.4,111.8,111.7,112.4,112.7,112.9,113.9,114.3,113.8,114,113.8,113.7,114.4,114,114,114.2,114.5,114.8,114.9,114.8,114.5,114.5,114.8,115.3,115.6,115.8,116.3,116.5,118.1,118.3,118.6,117.9,118,118.2,118.4,118.8,119,118.4,119.4,120,120.4,120.9,120.7,120.2,120.2,120.5,120.5,120.9,120.8,120.1,120.1,121.7,121.4,121.4,121.6,121.4,121.5,121.5,121.5,121.4,121.6,121.2,121.5,122.3,122.6,123.2,123.5,123.6,123.5,123.7,123.8,124.1,123.8,122.9,122.9,124.1,124.8,124.9,125.4,125.3,125.3,125.3,125.3,125.6,125.1,124.7,124.8,125.4,125.8,126.2,126.6,126.2,125.9,125.8,126.4,126.3,125.9,125.5,126.2,126.7,127,127.4,127.6,127.2,127.3,127.4,127.6,127.7,128.1,127.9,128.2,128.9,129.1,129.4,129.6,129.5,130.1,130,129.9,130,129.5,129.7,129.8,130.9,131.6,131.9,132.8,132.4,133.2,133.2,133.2,133.5,133.3,133.3,133.3,133.9,133.5,132.9,132.8,133.6,133.6,133.7,133.4,134.3,134.7,134.6,135.3,136.1,136.1,136.8,138.3,138.7,139.2,139.6,140.2,141.1,141.4,141.3,142.1,143.4,145,146,147.9,149.3,149.3,149.6,149.7,150.6,151.4,150.8,151.5,152.4,152.9,154.4,155.5,156.2,156.4,157.4,157.2,157.5,157.6,157.2,156.8,157.6,159.2,159.2,160.5,160.1,160.4,160.3,160.1,160.7,160.6,160.4,160.2,161.3,162.5,163.2,163.7,163.8
Ottawa-Gatineau,108.1,107.8,108.6,109,109.4,109.2,108.9,109,108.3,108.2,108.5,108.6,108.5,109.6,110.7,111.1,111.5,111.1,111.1,110.9,110.9,110.7,110.9,110.8,110.4,111,111.3,112.1,113.4,114,115,114.8,115,113.6,113.3,112.7,112.3,113,113.6,113.1,114,114.2,113.8,113.8,113.9,114.1,114.6,114.1,114.4,115.1,115.3,115.8,116.4,116.1,117.2,117.1,117.3,117.9,118.1,118.1,117.9,118.2,119.5,120,121,120.2,120.4,120.5,121.1,121.1,121,120.3,120.6,121.4,122,122.4,122.3,121.4,121.3,121.7,121.9,122.1,121.9,121.2,121.3,122.7,123.1,122.8,122.9,123,123.3,123.2,123.3,123.1,123,122.8,123,124.2,124.7,125.3,125.9,126.3,125.9,125.9,126.1,126.1,125.5,124.7,124.5,125.4,126.2,126,126.9,127.4,127.6,127.1,126.8,126.8,126.8,126.3,126.5,126.8,127.5,128.1,128.7,128.8,128.7,128.2,128.4,128.8,128.3,128.1,128.9,129.3,129.5,130.2,130,130.1,130,129.9,130.3,130.3,130.7,130.1,131.3,132.1,132.7,133,133,133.4,134.2,134.1,133.4,133.8,133.4,133.4,133.5,134.3,135,135.2,136.1,136,137,136.9,136.2,136.5,136.7,137,137,137.7,136.9,136.3,136.5,137.6,138.2,138.1,137.9,138.8,139.1,138.9,139.5,140.2,140.6,141.9,142.9,143.3,144.6,144.7,145.2,146.5,146.8,146.4,147.8,149,151.1,151.6,153.8,154.3,155.3,155.2,155.1,156.3,156.4,155.7,156.7,157.1,158.3,158.7,159.2,159.2,160.4,160.2,159.6,160.3,160.9,159.8,159.8,160,161.7,162.6,163.5,163.5,164.3,164,163.5,163.7,164,162.7,163.1,165,166,165.8,166.9,166.8
Toronto,107.9,107.6,108.5,108.7,109,108.9,108.5,108.5,108.1,108,108.3,108.5,108.2,109.3,110.3,110.8,111.2,110.7,110.7,110.6,110.8,110.7,111,111.1,110.7,111.3,111.5,112.2,113.3,113.8,114.9,114.7,114.9,113.7,113.5,113,112.5,113.2,113.8,113.1,113.9,114,113.6,113.6,113.7,114,114.4,113.9,114.5,115.1,115.3,115.8,116.3,116.1,117.1,117.1,117.3,117.7,117.8,117.6,117.5,117.9,119.4,119.8,120.8,120.2,120.4,120.5,121.2,121.1,120.9,120.2,120.7,121.5,122,122.4,122.4,121.7,121.6,121.8,122.1,122.3,122,121.4,121.5,122.9,123.3,123.1,123.2,123.4,123.6,123.7,123.8,123.7,123.6,123.4,123.7,125,125.5,126.4,127,127.4,126.9,126.9,127.2,127.4,126.9,126.2,126.3,127.2,127.9,127.7,128.5,128.8,129.2,128.7,129,129,129.1,128.7,129,129.4,130.3,130.7,131.2,131.5,131.4,131.1,131.7,132,131.7,131.5,132.1,132.5,133,133.6,133.7,134.2,134,133.8,134.4,134.3,134.6,134,135.3,136,136.7,136.8,136.7,137.5,138,137.9,137.4,137.9,137.4,137.5,137.7,138.6,139.5,139.8,140.3,140.3,141.2,140.9,139.7,140.3,139.9,140.1,139.9,140.5,140.1,139.8,139.7,140.7,140.6,140.4,140,140.8,140.7,140.5,141,141.7,142.5,143.1,143.7,144.2,144.6,145,145.3,146.5,146.8,147.1,148.3,149.8,151.7,152.6,154.4,154.9,155.4,154.8,154.9,155.9,156.3,155.9,156.8,157.4,158.5,158.9,159.8,159.7,161.1,161.4,161.3,162.2,162.3,162.4,162,162.2,163.4,164,165.3,165.1,166.1,165.7,165.2,165.9,166,165.4,165,166.8,167,166.8,168.1,168.1
Winnipeg,107.2,107,107.5,108.3,109,109.1,109.5,109.5,108.6,108.9,109,108.6,109,109.4,110.3,110.8,111.4,111.3,111.9,111.1,111.6,110.9,110.7,110.7,110.7,111.1,111.7,112.6,113.4,114.2,114.8,114.9,115,114.2,113.6,112.9,112.3,113,112.9,113.5,114.2,114.9,114.8,114.3,114.3,114.2,114.5,114,114.1,114.4,114.5,114.6,114.8,114.6,114.5,114.6,114.9,115.6,115.8,115.3,116.3,116.7,117.6,117.9,119.1,118.3,117.9,118,118.8,119,119.3,118.3,118.6,118.7,119.2,120,120.4,120,119.9,120.2,120.6,120.9,120.8,119.9,120,121.3,121.9,122.2,122.6,123.1,123.4,123.4,123.6,123.6,123.7,122.4,123.1,123.9,124.7,124.9,125.8,125.6,125.4,125.2,125.4,125.3,125.1,124.3,124.2,125,126.5,126.3,126.6,127,126.8,127.6,127.2,127.8,127.4,126.2,126.7,126.4,127.6,127.8,128.6,129.6,128.8,128.9,128.8,129.2,127.7,127.6,129.4,129.3,129.7,130.1,130,129.9,129.8,130.1,130.6,131.1,131.7,131.1,131.9,132.2,132.6,133.6,133.3,133.2,133.9,133.7,133.5,134.6,133.8,133.7,133.6,134.6,135.5,136.5,137,136.8,136.9,136.9,136.6,137.7,137.1,137,137,137.8,137,136.1,136.5,137.5,137.5,136.9,137,137.8,138.1,137.3,138.3,138.7,139.2,140.2,141.1,141.4,142.3,142.6,143.1,144,144.1,143.4,145.4,146.7,149.3,150.4,153.1,154.7,154.6,154,154.6,156,156.4,155,155.7,156.5,157.3,159,158.8,158.2,158.9,159.3,158.9,159.4,159.5,158.1,157.2,158,158.9,159.8,161,160.5,162,161.1,160.4,161.4,161.4,160,161.7,163.8,163.8,163.2,164.1,164.2
Regina,107.7,107.8,108.1,108.9,109.3,109.3,109.5,110.1,109.1,109,108.6,108.8,109.3,109.7,111,111.5,112,112.3,112.5,112.2,112.7,112.3,112.4,112.2,112.3,112.7,113.6,114.4,115.4,116.2,116.3,116.4,116.9,116.6,116.4,115.6,115.6,116.4,116.6,116.2,117.1,118.3,118,118,117.6,117.4,117.8,117.3,117.8,117.9,118.1,118.7,118.9,118.9,118.8,119.1,119.2,120,120.2,119.7,120.5,120.7,121.8,121.9,123,122.1,122.3,122.5,123.6,123.6,123.9,123,123.5,123.3,124.2,124.8,125.1,124.7,124.6,124.9,125.2,125.6,125.3,124.1,124.4,125.8,126.3,126.5,127,127.2,126.9,126.7,127.4,127.7,127.4,127.2,127.4,128.7,129.7,129.9,130.2,129.9,129.9,130.1,130.2,130.9,129.9,129.2,128.9,130.1,131.4,131.4,131.9,132.4,132.2,132.4,131.7,132.4,132.4,131.3,131.5,131.6,132.9,133.1,133.5,134.2,133.5,133.2,133.1,133.4,132.4,132.2,133.9,133.7,133.7,135,134.7,134.7,134.6,135.6,135.7,136.3,137.6,136.9,137.4,137.7,137.8,138.5,138.9,138.4,139,138.5,138.1,139.6,138.7,138.1,138,139.3,140,141.3,141.3,140.9,141.2,140.8,140.4,141.7,141.2,140.4,141.3,141.8,140.5,139.2,140.5,142,142.2,141.5,141.7,142.2,142.2,141,142.3,142.9,143.9,144.6,144,144,144.8,144.6,145.6,146.3,147.1,146.6,148.2,149.7,151.8,152.8,154.3,155.7,156.7,155.2,155.8,157.7,156.7,156,157.1,158,159.2,160.8,161.1,161.2,161.6,162.4,162,161.3,161.3,160.8,160.8,161.2,162.2,162.8,163.5,163.4,164.2,164.1,163.3,164.5,164.7,164.2,164.9,166.4,166.2,166.3,166.7,166.9
Saskatoon,107.9,107.8,108.1,109.2,109.6,109.5,109.8,110.4,109.3,109.1,108.7,108.7,109.5,109.9,110.7,111.9,112.4,113.5,114.1,114.1,114.4,114.1,114.3,114,114.2,115,116,116.9,117.6,118.3,118.1,118.1,118.3,118,117.8,116.9,116.9,117.8,117.8,117.4,118.1,119.1,119,118.9,118.5,118.3,118.6,118.1,118.5,118.7,118.9,119.5,119.6,119.5,119.6,119.8,119.8,120.6,120.8,120.2,120.9,121.1,122.1,122.2,123.3,122.3,122.5,122.7,123.5,123.6,123.9,122.9,123.4,123.2,124,124.6,125,124.6,124.4,124.6,124.9,125.2,125,123.7,123.8,125,125.3,125.4,126,126.1,125.9,125.7,126.4,126.6,126.2,126,126.4,127.7,128.6,128.6,129,128.8,128.8,129,129.1,129.9,129.1,128.5,128.5,129.6,130.7,130.7,131.3,131.7,131.6,131.8,131.4,132,132,131,131.5,131.6,132.7,132.7,133.1,133.6,133.1,132.9,132.8,133.1,132.2,131.8,133.6,133.5,133.5,134.8,134.4,134.5,134.4,135.4,135.4,136.1,137.3,136.5,137.1,137.4,137.5,138.1,138.5,138,138.5,138.1,137.8,139.3,138.5,138,138.2,139,139.7,141,141,140.6,141.1,140.5,140.1,141.1,141,140.1,141.1,141.7,140.8,139.8,140.6,141.6,141.8,141.3,141.5,142.4,142.4,141.6,142.7,143.1,143.5,144.1,144,144.3,145.5,145.8,146,146.6,147.3,146.1,148.1,149.2,151.5,152.3,153.5,155.2,156.3,154.8,156,158.4,157.4,156.1,157.2,158.4,159.6,161.2,161.5,161.3,162.2,162.7,162.3,161.9,161.9,161.1,160.8,161.8,162.4,163.4,163.9,164.3,165.2,165.1,163.6,164.6,164.8,164.6,165.2,167,166.9,166.9,167.1,167.3
Edmonton,110.6,110.1,110.6,111.4,112.1,111.6,112.8,113,113.2,112.2,113,113.5,113.9,114.2,115.7,117,117.1,118.6,118.8,119.1,119.1,118.3,118.8,118.6,118.5,118.7,119.5,121.2,121.9,123.7,123.6,123.6,122.3,121.3,121.4,121,120.2,121.5,120.9,120.5,121.6,122.2,121.8,122.1,121.7,121.8,122.7,122,122.4,122.9,122.3,122.6,122.8,122.7,123.5,122.9,122.8,123.3,123,123.1,123.9,124.3,124.8,126.2,126.5,125.6,125.9,126.6,126.4,127.6,126.9,126.7,127.3,126.9,127,127.4,127,127.2,127.1,127.9,128.1,128.5,127.7,127,126.8,128,128.3,129,129.7,130,129.5,129.4,129.5,129.2,129.3,128.9,129.6,130.4,132.5,131.9,132.1,132.1,132.4,132.2,132.3,132.8,131.9,131.1,130.5,131.6,132.6,132.8,133.3,134.1,134.1,134.7,134.4,134.8,134.5,133.2,133.4,133.3,134.7,135,135.4,136.2,135.3,135.6,135.2,135.7,134.8,134.7,136.9,136.6,136.7,137.3,137.1,136.7,136.8,137.1,136.7,137.5,138.5,137.6,139,139.8,140,140.7,140.8,140.9,142,141.8,141.2,141.6,140.7,140.5,140.7,142,143,143.7,144.1,143,143.8,143.6,143.2,143.9,143.7,143.7,144.5,145.5,144.3,143.2,144,145,145.2,144.4,144.9,145.1,145.4,144.7,145.8,146.2,146.8,147.5,148.2,148.6,149.9,150.7,150.3,151,151.1,151.4,152.5,154.2,156.3,156.5,158.7,161.2,161.3,159.2,159.2,161.3,160.6,159.8,159,158.4,160.3,162.5,163.1,163.4,165,165.9,164.8,164,164.2,163.9,163.8,165.1,165.6,167,167.6,167.8,169,168.7,167.8,168.8,168.7,168.3,168.4,169.9,170.4,169.5,170.3,170.7
Calgary,109.9,108.9,109.5,110.9,112,111.7,113.6,114.4,114.7,113.5,114.2,114.7,115,115.6,116.7,117.6,117.6,118.6,119.1,119.3,119.3,118.7,119.1,119,118.9,119.1,120,121.2,122.3,123.9,123,124.4,123.1,121.8,122,121.8,120.7,121.9,121.3,120.8,121.5,122.1,121.6,122.1,121.6,121.9,122.7,122.1,122.4,122.8,122.3,122.4,122.8,122.9,123.3,122.7,122.6,122.9,122.7,122.8,123.3,124.2,124.3,125.6,125.8,124.9,125.5,125.9,125.7,126.9,126.3,126.2,126.7,126.3,126.3,126.7,126.2,126.5,126.4,127.2,127.5,127.5,126.9,126,126.3,127.5,127.9,128.5,129.3,129.7,129.6,129.3,129.5,129.4,129.6,129.3,130.2,131.2,133.8,132.6,133.5,132.8,133.4,133.4,133.6,133.7,132.6,132.1,131.7,132.6,133.6,133.6,134.1,135,135.1,135.5,135.1,135.7,135.3,134.1,134.3,134.4,135.5,135.5,135.9,136.6,135.9,136.3,135.7,136.3,135.4,135.3,137.4,137.2,137.3,137.9,137.8,137.5,137.7,138,137.6,138.2,138.9,138,139.3,140.2,140.4,141.2,141.4,141.1,142.3,142.1,141.4,141.7,140.9,140.7,140.7,142.2,143.3,143.8,144,142.7,143.5,143.4,143,143.7,143.7,143.7,144.6,145.4,144.2,143,144.2,144.9,144.7,144.2,145,145.4,145.6,144.9,145.7,146.1,146.6,147.4,148.4,148.6,150.5,151.3,151.1,151.7,152,152.2,153.5,155.4,157.3,157.9,160.3,162.8,162.8,161.4,161.4,163,163.1,162.3,162,161.5,163.1,165.6,165.9,166.1,168.3,169.2,168.5,167.5,167.9,168.6,168.7,169.8,170,171.5,171.9,172.1,173.2,173.1,172.1,173,173,172.6,173.2,174.6,175.1,174.2,175,175.3
Vancouver,106.2,106.3,106.9,107.5,108.4,108.4,108.5,108.7,108.4,108.4,108.9,109.1,109,109.3,109.6,110,110.6,110.5,110.7,110.6,110.7,110.4,110.4,110.5,110.2,110.7,111.2,112.1,113.2,113.9,114.7,114.5,114.6,113.4,112.9,111.9,112,112.5,112.6,112.6,113.3,113.3,112.9,113.6,113.5,112.7,113.1,112.7,113.1,113.9,113.6,114.2,114.6,114.5,115.7,115.7,115.6,116.1,116,115.5,115.8,116,117,117.2,118,117.5,117.5,117.7,118.3,118.5,118.7,117.7,117.9,118.4,119.1,119.4,119.8,119.5,119.2,119.4,119.3,119.3,118.9,118.3,118.5,119.8,120,118.5,119.3,119,119.3,119.5,119.6,119.3,119,118.5,118.7,119.5,120.3,120.7,121.2,121.4,121.2,121.2,121.2,120.6,120.5,119.6,119.7,120.6,121.5,121.3,122.4,122.4,122.5,122.7,122.7,122.4,122.7,122.4,122.7,122.8,124,124,124.9,125.3,125.7,125.6,125.4,125.4,124.6,124.7,125.3,125.5,126.1,126.3,127.1,127.5,128.1,128.6,128.3,128.4,128.4,127.8,128.7,129.6,130.1,130.3,130.9,131.3,132.3,132.2,131.7,131.9,131.4,131.7,131.7,132.4,133.3,133.6,134.4,134.8,135.2,135,134.7,134.9,134.4,134.2,134.6,135.3,134.7,133.8,134.1,135.1,134.8,134.7,134.8,135.3,136,135.3,136,136.3,137.4,137.6,137.3,138.1,139,139.2,139.6,140.4,140.4,140.5,141.9,142.9,145.3,146.7,148.5,148.8,149.7,149.5,150.3,150.7,150.3,149.5,150.3,151.3,152.3,153.3,153.8,154.7,155.2,155.6,156.3,155.8,155.6,154.9,155.3,155.7,156.6,157.4,158.5,158.2,159.1,159.1,158.9,159.2,159.2,159.8,158.7,160.2,160.4,160.8,162.2,161.9
