player_id,game_id,team_id,timeOnIce,assists,goals,shots,hits,powerPlayGoals,powerPlayAssists,penaltyMinutes,faceOffWins,faceoffTaken,takeaways,giveaways,shortHandedGoals,shortHandedAssists,blocked,plusMinus,evenTimeOnIce,shortHandedTimeOnIce,powerPlayTimeOnIce
8465009,137293396294,408,85724,9,5,86,78.0,0,0,60,0,0,26.0,52.0,0,0,101.0,26,72546,12962,216
8466138,141331437534,1960,65102,24,7,76,20.0,3,5,34,323,654,55.0,30.0,0,0,29.0,-19,56360,19,8723
8466139,133255357423,1664,61686,11,11,117,57.0,1,0,14,36,76,29.0,15.0,0,0,24.0,-5,54777,1046,5863
8468493,129217315059,576,79418,11,1,43,51.0,0,0,12,0,0,9.0,56.0,0,3,102.0,10,65981,12370,1067
8468508,40380418314,240,16339,3,8,60,20.0,2,1,6,3,10,3.0,13.0,0,0,7.0,2,13304,71,2964
8468674,98932000007,2646,51630,5,1,59,114.0,0,0,37,0,0,15.0,17.0,0,1,86.0,5,41519,10075,36
8469454,92874947091,723,46817,16,10,115,52.0,2,3,18,8,24,11.0,25.0,0,0,23.0,-4,39984,9,6824
8469455,117103194645,580,37685,16,9,73,13.0,2,5,18,215,398,20.0,33.0,0,0,19.0,-3,33426,178,4081
8469459,111046129523,1650,51381,17,4,74,25.0,1,6,28,431,811,29.0,13.0,0,1,33.0,2,40523,5447,5411
8469465,121141231615,1080,52249,8,0,44,64.0,0,0,35,0,0,9.0,34.0,0,0,53.0,6,43642,8554,53
8470047,141331437406,1190,69772,15,6,63,28.0,1,4,24,324,722,17.0,43.0,1,0,31.0,-42,54655,7172,7945
8470110,86817886483,731,40396,7,0,37,9.0,0,2,20,0,0,5.0,21.0,0,0,44.0,-22,36766,1643,1987
8470144,121141232171,1020,49260,5,4,86,44.0,0,2,8,210,456,11.0,15.0,1,1,35.0,-13,39214,6320,3726
8470151,113065143844,1064,72482,8,1,53,42.0,0,0,20,0,0,11.0,32.0,0,1,68.0,5,63512,8859,111
8470187,129217314305,128,66376,9,2,96,135.0,1,0,14,0,0,6.0,50.0,0,0,128.0,-11,58131,7921,324
8470257,111046132354,1045,46326,10,7,71,26.0,0,1,12,8,15,16.0,12.0,0,0,47.0,6,37784,7668,874
8470281,123160254435,976,89251,24,3,111,26.0,2,9,18,0,0,42.0,74.0,0,0,117.0,1,70889,10011,8351
8470318,36342372088,306,15386,0,0,16,24.0,0,0,4,0,0,1.0,20.0,0,0,14.0,-12,13714,1660,12
8470595,133255354169,1980,67853,28,19,113,24.0,5,9,28,495,999,25.0,46.0,0,0,22.0,-9,56096,1080,10677
8470600,139312417326,2070,102009,40,8,111,48.0,2,16,12,0,0,19.0,27.0,0,0,93.0,-6,79983,10007,12019
8470601,80760822546,560,33730,3,1,44,59.0,0,0,16,0,0,3.0,5.0,0,0,28.0,5,31564,2020,146
8470604,121141227596,1560,60894,10,17,182,66.0,3,2,36,382,746,13.0,20.0,0,0,23.0,-21,49322,4967,6605
8470606,133255355236,1716,72890,18,17,169,143.0,1,4,22,7,16,28.0,35.0,0,0,15.0,-1,60302,2666,9922
8470607,64608649246,512,34846,1,3,40,52.0,1,0,8,0,0,3.0,27.0,0,0,61.0,1,30536,2932,1378
8470610,139312417326,2070,71195,21,25,155,27.0,12,6,8,41,77,21.0,22.0,1,0,38.0,-11,56027,3735,11433
8470612,139312417782,1656,77512,29,13,143,125.0,3,6,58,530,1034,53.0,76.0,0,0,69.0,-16,64515,2906,10091
8470613,141331437534,1960,106726,33,12,225,72.0,5,12,34,0,0,49.0,76.0,0,1,115.0,-22,84716,10388,11622
8470619,78741797595,507,28958,9,6,56,65.0,1,0,17,197,376,16.0,13.0,0,0,34.0,-5,25678,1205,2075
8470621,115084172868,1425,46936,16,5,77,60.0,1,6,70,4,10,17.0,26.0,0,0,33.0,-2,39577,52,7307
8470626,98932010606,1127,36374,7,6,59,10.0,0,0,12,2,2,17.0,8.0,0,0,15.0,-2,31962,4198,214
8470638,123160254044,366,68536,25,31,203,46.0,11,9,28,759,1311,44.0,22.0,1,0,46.0,23,49018,6283,13235
8470642,131236333312,520,93630,21,15,185,112.0,3,5,33,0,0,18.0,79.0,0,0,114.0,8,72579,12600,8451
8470655,44418451161,240,12406,5,1,34,38.0,1,0,22,27,71,5.0,9.0,0,0,8.0,-1,11888,134,384
8470755,119122212498,3127,48307,5,6,76,77.0,0,0,20,355,658,12.0,18.0,1,1,44.0,1,39101,9074,132
8470775,141331437648,532,53716,11,4,67,118.0,0,0,30,433,787,25.0,33.0,0,1,50.0,-1,44089,9378,249
8470794,135274374854,1675,68063,17,14,125,62.0,6,5,29,351,652,38.0,27.0,0,1,52.0,6,54292,3187,10584
8470966,121141227548,1200,86011,26,5,157,42.0,2,9,34,0,0,36.0,51.0,0,2,148.0,2,66560,9832,9619
8471214,137293395397,1020,84311,19,48,311,184.0,13,5,30,1,1,28.0,48.0,0,0,30.0,-12,64287,72,19952
8471215,111046134350,275,64420,49,25,171,38.0,7,17,58,441,876,70.0,69.0,0,0,22.0,7,52144,90,12186
8471217,8076083640,8,2871,0,1,5,23.0,0,0,4,0,0,0.0,1.0,0,0,0.0,2,2809,0,62
8471218,143350458511,3692,82300,43,22,180,102.0,4,18,37,324,652,37.0,46.0,1,1,51.0,1,65639,2776,13885
8471228,121141229378,1500,60271,19,15,132,48.0,7,3,46,4,14,26.0,44.0,0,0,42.0,8,51126,28,9117
8471233,139312418173,69,70776,16,9,72,58.0,1,0,28,576,1090,36.0,17.0,1,2,39.0,-12,56556,11825,2395
8471242,100951023990,860,62631,8,3,76,61.0,1,3,32,0,0,12.0,41.0,0,0,66.0,-34,55233,362,7036
8471260,111046135150,1375,49302,8,8,74,107.0,0,0,36,42,96,21.0,27.0,1,1,24.0,-6,41983,6809,510
8471262,141331436985,3710,66765,18,17,135,77.0,6,5,18,245,541,28.0,24.0,0,0,41.0,6,53825,3880,9060
8471274,141331436985,3710,96839,28,4,101,91.0,2,9,24,0,0,7.0,53.0,0,0,134.0,8,78831,9918,8090
8471276,123160254756,366,62856,30,13,83,37.0,3,11,23,371,737,31.0,37.0,0,0,32.0,14,55901,179,6776
8471284,115084168731,1425,61564,6,2,63,34.0,0,0,14,0,0,8.0,50.0,1,0,75.0,9,53722,7572,270
8471303,119122212127,1357,80065,28,5,118,108.0,1,6,62,0,0,9.0,43.0,0,0,162.0,14,64933,10909,4223
8471392,82779845623,1025,40992,4,0,34,104.0,0,0,24,0,0,4.0,22.0,0,0,94.0,-6,34120,6840,32
8471426,26247266833,247,7385,0,1,12,24.0,0,0,7,1,2,1.0,2.0,0,0,6.0,1,7283,79,23
8471669,143350457489,3834,72946,21,17,136,63.0,5,5,24,624,1139,41.0,18.0,0,1,32.0,7,58416,4663,9867
8471675,82779843756,205,49855,31,16,109,28.0,4,13,15,494,888,26.0,25.0,0,0,17.0,-8,39675,707,9473
8471676,48456490718,216,19465,3,5,43,41.0,0,0,22,3,5,12.0,18.0,0,0,13.0,3,15885,8,3572
8471677,135274376939,335,78248,8,3,63,183.0,0,0,26,0,0,15.0,23.0,1,0,97.0,-1,69114,8862,272
8471685,141331437704,1820,88368,41,21,135,49.0,7,14,16,776,1407,39.0,49.0,1,0,56.0,6,68739,7522,12107
8471686,104989072990,156,55043,9,2,46,69.0,0,0,16,0,0,19.0,34.0,0,0,76.0,5,46355,8513,175
8471698,139312416165,1035,75740,23,26,133,90.0,10,2,26,119,238,42.0,45.0,0,0,58.0,4,60298,613,14829
8471699,137293396317,1700,50886,11,3,68,86.0,0,0,30,17,37,24.0,20.0,0,0,31.0,2,44513,5971,402
8471702,137293396948,272,89372,25,8,126,124.0,4,9,29,0,0,14.0,56.0,1,0,84.0,15,70283,10723,8366
8471707,111046123729,1210,53814,12,19,112,88.0,12,5,12,11,31,24.0,29.0,0,0,17.0,-20,44208,76,9530
8471709,141331437534,1960,85238,10,5,74,37.0,0,0,10,0,0,18.0,40.0,1,0,97.0,-10,72364,11754,1120
8471716,98932007261,833,33909,3,0,40,103.0,0,0,25,38,69,10.0,18.0,0,0,26.0,-14,29056,3425,1428
8471724,123160255074,305,94155,29,15,177,101.0,6,9,38,0,0,31.0,80.0,0,0,91.0,0,73238,8058,12859
8471729,111046124258,1210,55373,9,0,45,71.0,0,0,14,0,0,31.0,38.0,0,1,101.0,0,47682,7655,36
8471735,139312417630,897,81544,40,5,129,18.0,2,19,20,0,1,25.0,66.0,0,0,51.0,0,65971,231,15342
8471743,32304321840,112,13695,2,1,23,26.0,0,0,4,39,70,3.0,3.0,0,0,7.0,2,12090,1600,5
8471769,54513560338,1431,30396,4,1,18,20.0,0,0,14,0,0,11.0,20.0,0,1,45.0,-2,26039,4319,38
8471794,137293395980,1156,56032,7,9,102,88.0,0,0,37,15,28,24.0,30.0,1,1,26.0,-6,49107,6786,139
8471804,60570623505,870,24756,6,4,55,46.0,0,0,22,6,12,4.0,12.0,0,0,8.0,-7,23481,720,555
8471817,143350457489,3834,43221,7,8,61,316.0,0,0,47,24,52,17.0,7.0,0,0,24.0,-6,42184,2,1035
8471873,139312417630,897,87211,14,5,89,68.0,0,0,14,0,0,40.0,48.0,0,1,96.0,-6,76540,10316,355
8471887,104989070492,260,49708,15,17,168,107.0,3,4,36,2,6,12.0,8.0,0,0,41.0,9,39265,8,10435
8472382,127198295885,73,73885,12,2,60,30.0,0,1,16,0,0,16.0,41.0,0,2,155.0,1,61663,12120,102
8473412,14133141269,364,6783,3,2,13,3.0,0,0,2,48,106,2.0,2.0,0,0,3.0,4,5565,564,654
8473415,98932012191,833,48278,3,0,55,115.0,0,0,24,0,0,4.0,30.0,0,0,46.0,-9,43147,5059,72
8473419,141331437543,420,81699,59,28,185,55.0,5,23,82,22,51,43.0,71.0,1,2,19.0,25,59529,6666,15504
8473422,135274377163,1943,75044,21,10,131,212.0,2,2,62,159,319,39.0,35.0,0,1,50.0,-3,61350,6016,7678
8473446,119122213882,1239,74505,13,3,99,97.0,0,0,20,0,0,32.0,27.0,0,0,115.0,9,62507,10666,1332
8473449,104989067391,364,40084,10,9,82,55.0,1,0,28,38,71,15.0,13.0,0,0,15.0,-3,37668,303,2113
8473453,113065151275,1456,40022,6,6,92,68.0,0,0,16,45,116,11.0,14.0,0,0,22.0,-7,37011,2794,217
8473463,96912990218,96,36278,10,4,46,123.0,0,0,10,34,86,13.0,16.0,0,1,29.0,2,32197,3999,82
8473473,137293396115,1360,54397,12,8,83,198.0,5,3,54,20,46,19.0,42.0,0,0,20.0,-6,48127,36,6234
8473485,32304325469,64,7469,1,0,5,35.0,0,0,21,0,0,3.0,1.0,0,0,4.0,-7,7423,23,23
8473504,74703753291,74,29803,4,3,35,127.0,0,0,22,4,9,12.0,21.0,1,1,38.0,6,24757,4949,97
8473507,143350458513,568,100732,29,11,158,177.0,3,9,26,0,0,30.0,88.0,1,0,79.0,-10,81602,8889,10241
8473512,139312417505,276,78597,32,21,197,45.0,7,13,28,663,1123,37.0,35.0,1,1,16.0,7,61899,3845,12853
8473533,137293396227,816,71428,19,8,125,149.0,2,1,40,699,1284,30.0,41.0,0,0,36.0,3,57130,9586,4712
8473544,133255355603,132,54239,22,10,110,115.0,3,7,16,197,357,26.0,40.0,0,0,24.0,-2,47261,163,6815
8473546,92874937706,2438,34133,3,8,61,21.0,0,0,6,0,4,31.0,11.0,1,0,12.0,-4,27756,6289,88
8473548,141331436985,3710,72024,24,14,153,11.0,9,8,22,2,9,19.0,41.0,0,0,20.0,-21,58606,175,13243
8473560,98932003809,1158,47132,3,1,39,97.0,0,0,37,0,0,2.0,28.0,0,1,96.0,-2,42037,5016,79
8473563,123160252977,915,69628,42,12,132,30.0,2,16,14,516,1048,34.0,42.0,0,0,45.0,-1,55070,826,13732
8473564,115084166714,893,42624,8,6,70,32.0,0,0,28,6,21,32.0,28.0,2,1,22.0,-12,37898,4679,47
8473573,98932010737,441,40715,5,15,87,6.0,5,1,8,185,370,19.0,16.0,0,0,25.0,-15,35400,695,4620
8473604,141331438626,1120,83063,42,18,172,56.0,1,7,48,856,1494,58.0,40.0,1,0,35.0,-2,61078,8075,13910
8473618,98932000513,2548,38535,8,7,71,69.0,2,0,10,13,19,17.0,11.0,0,0,19.0,-9,34282,0,4253
8473914,14133140287,364,4451,0,0,5,3.0,0,0,0,25,46,0.0,1.0,0,0,5.0,0,3971,410,70
8473986,137293398463,952,73135,23,26,130,59.0,8,5,20,5,19,27.0,26.0,0,0,15.0,19,53518,8988,10629
8473991,8076083940,32,3340,0,0,4,1.0,0,0,0,0,0,0.0,1.0,0,0,4.0,-1,3177,163,0
8473994,139312416608,1725,68049,20,19,163,167.0,8,6,53,244,437,52.0,56.0,0,0,57.0,-4,56977,1147,9925
8474000,20190204852,60,8181,2,0,13,15.0,0,2,2,0,0,4.0,1.0,0,0,8.0,2,7686,195,300
8474008,2019020303,6,382,0,0,0,0.0,0,0,0,0,0,0.0,0.0,0,0,1.0,-1,351,0,31
8474009,135274376203,1206,66407,17,18,104,17.0,1,0,16,488,928,47.0,22.0,0,0,89.0,17,50143,10471,5793
8474013,131236338509,1365,69024,22,4,92,83.0,0,0,36,0,0,18.0,37.0,0,0,122.0,21,59613,9340,71
8474027,125179272362,248,64241,16,3,70,91.0,0,1,18,0,0,10.0,31.0,0,0,84.0,-2,56907,7115,219
8474031,141331439300,980,79379,26,8,131,62.0,1,6,38,0,0,32.0,34.0,0,0,66.0,22,72310,1334,5735
8474034,129217315769,896,47669,14,9,80,104.0,1,2,71,6,9,14.0,17.0,0,0,13.0,4,41746,83,5840
8474037,133255354339,264,59008,21,19,151,25.0,4,5,8,8,23,17.0,16.0,0,0,18.0,5,48793,67,10148
8474038,58551592749,232,24928,6,4,29,42.0,0,0,4,1,6,11.0,10.0,1,0,18.0,5,21463,3172,293
8474040,84798866384,894,33640,7,6,79,22.0,2,1,12,45,102,12.0,21.0,0,0,10.0,-10,31049,32,2559
8474053,104989062407,1456,57806,23,16,126,54.0,0,9,18,195,443,28.0,26.0,0,2,45.0,0,43945,5276,8585
8474056,137293397358,68,90265,11,7,151,88.0,2,4,79,0,0,19.0,65.0,0,0,90.0,-21,73961,6690,9614
8474062,129217315371,1856,45479,9,5,64,68.0,0,0,10,245,512,25.0,10.0,1,0,36.0,6,41185,4154,140
8474068,125179275514,1116,57378,22,9,88,18.0,2,8,22,246,518,21.0,29.0,0,0,25.0,-9,46400,2390,8588
8474090,125179272939,186,41298,5,3,45,90.0,0,0,71,1,1,18.0,24.0,1,1,41.0,-12,33425,7686,187
8474091,88836904374,1012,39203,9,8,76,18.0,1,2,25,185,378,15.0,9.0,0,0,15.0,1,30667,6256,2280
8474098,139312417630,897,54838,10,6,114,91.0,0,0,6,65,148,26.0,35.0,0,0,72.0,2,44403,10352,83
8474102,143350458359,1349,78029,35,25,166,67.0,9,18,52,3,8,39.0,35.0,0,0,19.0,1,65194,130,12705
8474125,72684741319,684,34076,5,2,31,27.0,0,0,16,0,0,3.0,14.0,0,1,51.0,8,29977,4061,38
8474134,82779841879,738,34469,2,1,45,37.0,0,0,14,0,0,11.0,11.0,0,0,38.0,-1,33704,607,158
8474141,141331438626,1120,89631,51,33,275,24.0,8,15,40,1,4,43.0,41.0,0,0,19.0,8,73921,135,15575
8474145,84798864630,798,33073,4,2,36,66.0,0,0,21,0,0,2.0,10.0,0,0,43.0,12,26775,6292,6
8474149,139312417630,897,70816,22,25,167,29.0,11,6,10,0,0,29.0,40.0,0,0,24.0,-7,56939,44,13833
8474150,141331436564,1400,75283,29,16,157,44.0,3,7,26,368,778,64.0,55.0,3,0,11.0,3,62699,6687,5897
8474151,100951021950,700,62116,11,1,50,36.0,0,0,19,0,0,25.0,32.0,0,1,101.0,7,51971,9814,331
8474157,143350457489,3834,76319,34,32,307,90.0,8,11,44,51,96,32.0,55.0,0,0,35.0,18,65741,135,10443
8474161,139312417505,276,70562,44,12,132,17.0,4,13,31,7,20,28.0,30.0,0,0,21.0,14,58242,122,12198
8474162,107008083898,530,68672,17,6,99,109.0,0,0,40,0,0,24.0,63.0,0,1,110.0,12,59800,8023,849
8474166,102970047737,1606,65814,13,3,75,43.0,0,4,23,0,0,14.0,32.0,0,0,117.0,-4,56448,5203,4163
8474176,117103192572,870,49831,17,8,107,24.0,0,0,16,13,28,24.0,24.0,1,2,19.0,12,39612,10170,49
8474189,139312416165,1035,70415,23,16,151,59.0,2,4,48,536,1033,44.0,41.0,1,1,44.0,3,53187,10027,7201
8474190,137293397157,110,60882,17,8,119,145.0,5,4,66,29,74,27.0,18.0,0,0,29.0,-21,50293,3,10586
8474207,123160253395,3294,69033,8,6,101,129.0,1,0,13,0,0,26.0,35.0,0,1,74.0,-2,61818,6955,260
8474218,100951022608,2650,61484,11,0,53,76.0,0,0,25,0,0,15.0,32.0,0,1,70.0,5,54172,6819,493
8474230,44418448613,66,7295,0,1,9,36.0,0,0,50,7,12,1.0,5.0,0,0,6.0,-7,7267,26,2
8474250,100951024534,800,35360,7,4,43,112.0,0,0,29,88,190,21.0,14.0,1,1,18.0,2,31137,3698,525
8474291,111046128608,1265,41461,6,2,49,69.0,0,0,38,401,678,14.0,7.0,1,1,42.0,-9,31278,10010,173
8474563,135274375336,1742,103776,28,7,141,106.0,5,9,36,0,0,15.0,82.0,0,1,87.0,-16,82785,8480,12511
8474564,115084168365,798,62997,37,29,176,69.0,10,9,22,365,672,24.0,33.0,0,0,38.0,14,50001,1759,11237
8474565,141331437415,1330,101570,36,16,225,47.0,6,16,20,0,0,43.0,45.0,0,1,89.0,11,80848,7721,13001
8474567,54513558440,245,26941,6,1,29,30.0,0,0,22,0,0,4.0,11.0,0,1,27.0,0,23367,3453,121
8474568,50475514825,350,18677,2,1,31,83.0,0,0,23,0,0,5.0,10.0,0,0,21.0,-8,16199,2426,52
8474569,18171180981,189,6826,4,0,12,8.0,0,0,0,3,7,1.0,3.0,0,0,2.0,6,5905,0,921
8474571,40380414140,180,11657,2,2,29,12.0,0,0,0,1,4,1.0,8.0,1,0,5.0,-1,10131,651,875
8474573,137293397506,136,68946,29,14,94,20.0,2,7,10,128,256,38.0,54.0,1,0,48.0,-12,55748,5860,7338
8474574,137293396049,1564,87751,15,6,134,99.0,1,6,49,0,0,42.0,41.0,1,0,108.0,-7,75788,6595,5368
8474578,113065144619,1568,82397,34,6,120,26.0,1,12,16,0,0,52.0,68.0,1,0,74.0,-15,63650,8654,10093
8474579,88836903362,2288,47355,8,2,49,91.0,0,0,37,0,0,4.0,26.0,0,0,71.0,1,42096,5185,74
8474581,137293396227,816,67973,20,4,87,43.0,1,10,30,0,0,32.0,39.0,0,0,42.0,-24,60493,172,7308
8474584,98932007720,1176,55033,13,2,57,101.0,0,1,14,0,0,9.0,33.0,0,0,55.0,5,48600,4106,2327
8474586,117103195859,116,61985,24,16,136,37.0,4,7,12,3,9,34.0,37.0,0,0,39.0,1,52920,36,9029
8474589,141331438448,747,61776,21,16,159,96.0,5,5,20,7,15,26.0,19.0,0,0,26.0,-6,52652,104,9020
8474590,139312416165,1035,101954,60,15,189,55.0,2,24,26,0,1,42.0,80.0,0,0,108.0,12,79135,6156,16663
8474597,52494536734,250,23693,1,1,18,45.0,0,0,8,0,0,3.0,21.0,0,0,24.0,-3,21284,2361,48
8474600,139312418100,1242,106725,49,16,260,52.0,4,19,41,0,0,34.0,68.0,0,0,108.0,22,84845,8311,13569
8474602,92874944159,230,54855,9,3,86,36.0,0,6,6,0,0,6.0,18.0,0,0,50.0,-13,46837,443,7575
8474604,48456491618,1272,18050,1,0,11,17.0,0,0,0,0,0,1.0,8.0,0,0,20.0,1,17755,241,54
8474611,6057062756,42,2136,3,1,5,5.0,0,0,4,0,0,0.0,0.0,0,0,2.0,2,2045,91,0
8474612,100951020926,1000,63584,9,3,83,39.0,0,0,27,0,0,21.0,36.0,0,0,110.0,-3,54020,9338,226
8474613,141331436985,3710,74097,18,10,158,43.0,1,6,16,569,1197,38.0,28.0,1,0,54.0,-4,58708,8336,7053
8474618,125179275893,586,65416,9,4,77,78.0,0,0,20,0,0,18.0,49.0,0,0,60.0,14,57775,7440,201
8474628,66627677666,660,32285,5,2,57,52.0,0,0,16,0,0,6.0,9.0,0,0,54.0,-5,29883,2370,32
8474641,143350458900,1704,71872,17,26,169,75.0,5,4,22,512,930,26.0,32.0,0,0,32.0,-2,59578,2387,9907
8474668,46437479042,184,12788,4,1,15,70.0,0,0,16,0,0,8.0,12.0,0,0,10.0,1,12278,440,70
8474673,129217314310,1280,78527,15,4,65,20.0,0,1,36,0,0,34.0,52.0,0,0,87.0,7,69785,6355,2387
8474679,141331438055,2030,75736,27,15,151,37.0,3,6,16,17,33,27.0,41.0,1,0,26.0,4,62149,2756,10831
8474683,113065148457,1204,46773,10,15,94,54.0,2,0,30,358,694,20.0,11.0,3,2,25.0,1,36274,8010,2489
8474685,100951023197,1050,42272,13,12,89,58.0,0,0,39,12,26,21.0,13.0,3,1,22.0,13,35619,6508,145
8474688,40380418010,600,18565,3,0,22,25.0,0,0,6,0,0,3.0,6.0,0,0,30.0,1,16000,2442,123
8474697,107008082418,477,57047,11,7,63,199.0,0,0,58,0,0,10.0,30.0,1,0,120.0,1,49340,7612,95
8474709,111046134063,110,34397,3,5,49,242.0,0,0,40,3,7,11.0,17.0,0,0,24.0,-1,33499,633,265
8474715,88836896940,1276,47111,14,12,148,18.0,3,5,6,27,57,26.0,21.0,0,0,21.0,2,36922,4168,6021
8474716,125179273899,1860,83972,20,12,112,61.0,3,10,18,0,1,10.0,23.0,0,0,102.0,-1,65657,9108,9207
8474717,42399431916,441,17765,2,0,29,13.0,0,0,16,0,0,6.0,13.0,0,0,19.0,3,16329,1303,133
8474722,24228241152,168,6338,2,1,10,38.0,0,0,13,0,0,2.0,2.0,0,0,3.0,-4,6237,67,34
8474736,38361392773,380,9427,2,3,19,69.0,0,0,34,0,0,5.0,5.0,0,0,8.0,-1,9415,0,12
8474774,4038040296,56,1537,0,0,2,3.0,0,0,7,0,0,2.0,0.0,0,0,3.0,0,1486,51,0
8474818,88836896813,1012,42996,6,1,58,45.0,0,0,17,0,0,7.0,17.0,0,0,62.0,-7,36655,6218,123
8474849,82779850954,943,29113,6,7,55,44.0,1,1,43,6,12,7.0,13.0,0,0,14.0,0,25877,26,3210
8474870,131236336792,910,56719,17,14,113,62.0,1,6,16,173,353,14.0,20.0,0,0,22.0,9,48687,284,7748
8474873,18171185860,153,7861,1,0,6,16.0,0,0,6,0,0,0.0,2.0,0,0,7.0,1,7129,731,1
8474884,139312417630,897,69708,30,29,214,33.0,11,10,28,7,15,31.0,52.0,0,0,22.0,-5,54467,98,15143
8475098,135274375038,1273,61576,16,13,109,32.0,2,2,10,363,660,29.0,20.0,1,0,33.0,0,49530,5659,6387
8475149,121141232673,420,61730,21,9,87,39.0,1,5,20,196,490,15.0,24.0,0,0,22.0,-12,51693,1165,8872
8475151,131236335267,65,66731,20,25,155,74.0,11,7,41,12,37,29.0,28.0,0,0,36.0,-4,53514,840,12377
8475158,143350458359,1349,87645,49,12,118,16.0,2,16,10,880,1556,69.0,22.0,1,0,42.0,11,66187,9135,12323
8475160,139312417102,1538,46368,10,7,110,133.0,0,0,68,6,10,11.0,17.0,0,0,15.0,-7,45443,497,428
8475163,131236336709,1430,51182,13,11,97,56.0,6,7,42,0,4,14.0,20.0,0,0,15.0,-3,42518,31,8633
8475164,133255355463,1584,70026,18,21,155,28.0,4,3,14,8,41,40.0,32.0,2,0,41.0,0,54028,6575,9423
8475166,127198295918,630,73897,34,26,197,32.0,7,14,24,617,1116,35.0,47.0,0,0,31.0,-7,62453,64,11380
8475167,133255356785,924,95275,44,11,155,73.0,4,18,31,0,0,47.0,40.0,0,0,98.0,27,73687,9344,12244
8475168,133255356626,1188,66847,29,13,136,40.0,5,6,24,390,695,31.0,36.0,0,0,22.0,-4,56277,92,10478
8475169,129217314733,1792,75028,21,26,216,135.0,14,4,122,106,201,45.0,51.0,2,0,25.0,-12,59367,5217,10444
8475170,143350458359,1349,78633,33,25,138,119.0,10,11,44,350,714,26.0,39.0,0,0,21.0,3,65510,964,12159
8475171,133255353677,3498,91114,21,9,135,129.0,2,5,38,0,0,19.0,45.0,1,0,65.0,-3,72345,8192,10577
8475172,102970041842,1071,53323,17,19,133,61.0,4,7,97,407,717,21.0,28.0,0,0,9.0,7,41358,364,11601
8475176,98932002401,882,69103,30,8,114,48.0,2,7,19,0,0,24.0,36.0,0,0,96.0,16,55670,6915,6518
8475177,58551588012,464,34645,5,1,42,93.0,0,0,10,0,0,9.0,29.0,0,0,73.0,10,29784,4678,183
8475178,119122208846,1298,55444,19,15,99,157.0,0,0,69,1,3,26.0,45.0,0,0,8.0,0,53911,76,1457
8475179,102970047890,2652,61259,8,2,54,104.0,0,0,32,0,0,16.0,55.0,0,0,77.0,-4,56691,4188,380
8475181,121141234928,120,76004,18,3,72,62.0,1,3,14,0,0,17.0,52.0,0,0,72.0,-1,68817,2973,4214
8475184,127198292658,189,65204,21,24,156,116.0,9,4,58,53,123,22.0,61.0,0,0,42.0,13,51977,114,13113
8475186,48456496179,144,23822,1,2,33,36.0,0,0,11,0,0,2.0,7.0,0,0,27.0,-2,20827,2734,261
8475188,143350457489,3834,85262,7,2,73,201.0,0,0,40,0,0,32.0,32.0,1,0,133.0,1,71842,13170,250
8475191,143350457489,3834,76306,27,27,169,55.0,3,2,20,3,12,58.0,41.0,2,2,30.0,17,60056,8176,8074
8475193,137293395354,544,66480,39,22,162,79.0,8,6,36,9,25,31.0,29.0,0,0,24.0,5,57447,115,8918
8475197,141331437003,700,91885,34,5,169,47.0,1,11,16,0,0,16.0,62.0,0,0,76.0,-7,80536,145,11204
8475200,139312416165,1035,91775,23,4,105,106.0,1,4,36,0,0,49.0,65.0,0,1,82.0,5,82272,3665,5838
8475204,32304326491,864,12062,2,0,24,16.0,0,0,8,6,9,8.0,4.0,0,0,5.0,-4,10373,7,1682
8475208,56532570241,140,35373,7,1,35,44.0,0,1,10,0,0,13.0,13.0,1,0,35.0,17,30691,3580,1102
8475209,119122214382,885,40132,13,9,67,75.0,0,0,36,11,19,21.0,29.0,0,0,19.0,16,37262,2096,774
8475218,137293397595,1224,95363,25,8,154,49.0,0,5,32,0,0,51.0,50.0,1,1,100.0,-1,78409,11540,5414
8475220,119122214055,1770,51636,14,11,86,184.0,0,0,30,9,24,31.0,17.0,0,0,36.0,8,45087,6434,115
8475222,94893959988,47,61336,18,5,95,50.0,1,9,22,0,0,14.0,24.0,0,1,80.0,-12,47210,5544,8582
8475224,6057060304,27,886,0,0,2,6.0,0,0,2,4,9,0.0,0.0,0,0,1.0,0,886,0,0
8475225,139312418100,1242,55578,13,18,184,60.0,4,3,34,14,29,26.0,26.0,0,0,19.0,18,46034,37,9507
8475231,96912982966,96,41166,4,10,67,133.0,0,0,41,368,688,38.0,28.0,3,2,39.0,12,34312,6720,134
8475233,137293396954,1972,84397,11,0,97,129.0,0,2,35,0,0,18.0,43.0,0,0,163.0,-3,76045,7484,868
8475235,119122217160,1416,34613,6,7,64,137.0,0,0,92,0,0,10.0,10.0,0,0,32.0,-1,34338,93,182
8475236,98932007338,2630,42855,10,5,61,49.0,0,1,16,312,641,23.0,21.0,0,0,16.0,-3,36092,5536,1227
8475246,8076083471,84,3720,0,0,4,6.0,0,0,0,0,0,0.0,0.0,0,0,6.0,-2,3406,289,25
8475254,6057060414,90,2071,0,0,3,9.0,0,0,0,6,15,1.0,0.0,0,0,2.0,-1,2035,12,24
8475268,104989068983,2704,26841,4,2,33,125.0,0,0,7,2,5,5.0,14.0,0,0,40.0,-1,25769,820,252
8475279,139312417141,552,95773,12,9,130,152.0,0,0,61,0,0,18.0,86.0,0,0,128.0,5,82033,12624,1116
8475287,96912987975,583,45592,12,12,92,27.0,4,4,22,381,704,21.0,29.0,0,0,15.0,1,36755,2214,6623
8475314,137293397506,136,74649,23,20,195,102.0,2,5,47,90,199,24.0,44.0,0,0,50.0,8,65269,59,9321
8475324,137293395316,1020,72725,8,0,61,59.0,0,1,13,0,0,26.0,48.0,0,0,71.0,1,62856,9652,217
8475343,113065152597,840,36412,8,7,52,117.0,0,0,28,274,551,22.0,7.0,3,0,26.0,11,27981,8367,64
8475413,58551590145,725,19061,3,3,29,25.0,0,0,8,42,96,15.0,9.0,0,0,12.0,-3,16786,138,2137
8475430,18171181496,198,5965,0,1,8,10.0,0,0,17,0,0,1.0,8.0,0,0,6.0,-1,5965,0,0
8475455,139312416441,1802,80556,13,1,58,194.0,0,0,104,0,0,16.0,26.0,0,1,74.0,-2,71631,8785,140
8475461,44418458111,205,9709,2,1,10,25.0,0,0,4,38,75,5.0,4.0,0,0,7.0,3,9026,85,598
8475462,127198290189,945,63236,13,2,90,164.0,0,0,40,0,0,23.0,34.0,0,0,75.0,15,52701,10336,199
8475625,72684741359,702,31260,3,0,58,80.0,0,0,15,0,0,8.0,13.0,0,0,54.0,-15,29138,2029,93
8475690,139312417081,1587,80860,18,2,45,32.0,0,1,41,0,0,20.0,45.0,0,1,159.0,4,66443,14113,304
8475692,131236336938,1950,62164,22,15,96,13.0,3,4,18,9,14,33.0,17.0,0,0,36.0,-9,52489,113,9562
8475714,129217314008,1152,61191,19,15,136,28.0,2,7,14,33,70,19.0,11.0,2,0,27.0,4,48228,6055,6908
8475716,52494536077,260,23699,3,1,28,22.0,0,0,14,0,0,9.0,22.0,0,0,43.0,-1,21078,2594,27
8475718,137293396983,680,75517,16,2,89,89.0,0,0,43,0,0,21.0,59.0,0,0,83.0,13,67276,8074,167
8475722,121141232332,1425,58814,21,20,111,53.0,7,5,21,12,41,31.0,25.0,0,0,23.0,-4,50209,376,8229
8475726,137293396558,1738,68671,20,24,203,48.0,5,5,20,4,14,35.0,34.0,0,0,16.0,-1,56110,3723,8838
8475728,125179273233,434,55424,12,6,60,85.0,0,0,26,322,668,24.0,23.0,0,0,31.0,8,47654,7477,293
8475730,34323355414,425,18018,3,2,30,50.0,0,0,10,0,0,5.0,11.0,0,0,20.0,0,17278,644,96
8475735,107008092661,159,30416,4,5,40,69.0,0,0,17,104,211,14.0,13.0,1,1,24.0,-2,27359,2996,61
8475738,98932005657,392,40023,7,8,86,32.0,2,3,14,96,193,22.0,12.0,0,0,21.0,-8,34215,89,5719
8475744,127198293416,945,67442,33,19,129,35.0,6,6,40,348,803,22.0,45.0,0,0,16.0,-2,55310,68,12064
8475745,141331437543,420,70514,21,16,145,83.0,1,4,21,326,699,48.0,33.0,2,0,34.0,9,58881,3786,7847
8475747,129217315002,1088,84626,8,1,89,80.0,0,0,28,0,0,10.0,54.0,0,1,92.0,-10,71066,13194,366
8475748,2019020617,7,86,0,0,0,0.0,0,0,2,0,0,0.0,0.0,0,0,0.0,1,86,0,0
8475750,98932001119,2646,53373,5,2,37,51.0,0,0,32,0,0,14.0,27.0,0,1,71.0,9,48683,4078,612
8475752,127198295820,252,45547,12,8,76,132.0,0,0,12,5,18,28.0,15.0,0,0,42.0,11,41384,3965,198
8475753,139312416255,1311,85147,11,5,147,82.0,1,2,32,0,0,24.0,39.0,0,1,76.0,-3,76113,4527,4507
8475754,137293397506,136,76948,28,26,175,49.0,4,3,32,615,1188,26.0,52.0,0,0,44.0,6,62232,6432,8284
8475760,26247265008,65,9542,1,1,18,19.0,0,0,8,38,96,3.0,5.0,0,0,7.0,3,8271,300,971
8475762,40380417596,478,21375,1,0,22,35.0,0,0,4,0,0,2.0,16.0,0,0,30.0,-5,19583,1792,0
8475763,139312417505,276,73398,18,23,175,88.0,4,3,34,415,826,43.0,34.0,4,0,22.0,-6,58279,8315,6804
8475764,119122206943,1416,77842,20,9,117,25.0,2,6,20,0,0,21.0,31.0,0,0,58.0,0,66377,2394,9071
8475765,20190200752,190,9705,7,3,26,17.0,1,2,0,0,0,3.0,5.0,0,0,7.0,-2,8236,2,1467
8475766,107008084461,954,36952,8,6,50,131.0,0,0,65,6,12,18.0,20.0,0,2,48.0,-9,33321,3421,210
8475768,143350458359,1349,77442,35,22,162,60.0,9,11,18,9,20,50.0,29.0,0,0,28.0,3,64569,921,11952
8475772,133255357532,1452,50660,7,8,70,26.0,0,0,6,409,834,36.0,25.0,1,1,33.0,-13,41243,9293,124
8475780,135274375799,402,50015,4,6,78,192.0,0,0,47,115,249,16.0,21.0,1,0,31.0,-8,43831,5910,274
8475784,119122209912,413,58354,9,14,183,29.0,0,3,18,32,86,28.0,24.0,0,0,11.0,-22,49581,3,8770
8475786,102970054572,510,58434,16,21,106,52.0,3,3,23,70,160,32.0,16.0,1,0,23.0,13,49353,5717,3364
8475790,102970043017,1091,59254,5,4,78,89.0,0,0,95,0,0,0.0,33.0,0,1,58.0,0,52596,6271,387
8475791,131236335068,1885,74778,36,16,232,47.0,4,14,34,20,51,41.0,52.0,0,0,29.0,-14,60465,808,13505
8475792,139312417630,897,60006,14,19,117,56.0,4,2,26,6,17,28.0,22.0,0,0,17.0,-3,54563,37,5406
8475793,137293397077,1224,69585,22,14,101,39.0,3,6,45,549,1032,38.0,24.0,1,0,34.0,-5,54958,3657,10970
8475794,139312416608,1725,79278,33,17,245,90.0,3,12,22,538,925,34.0,52.0,0,0,31.0,-2,65738,2935,10605
8475795,32304325541,272,14227,0,0,14,48.0,0,0,23,0,0,4.0,8.0,0,0,12.0,-4,11658,2569,0
8475796,117103194424,754,44375,9,9,64,47.0,0,0,20,3,6,26.0,15.0,0,0,38.0,4,42215,2125,35
8475797,56532584124,504,27911,4,1,20,71.0,0,0,34,0,0,1.0,18.0,0,1,36.0,-1,25435,2461,15
8475798,127198295116,1134,67293,13,17,130,42.0,4,2,28,73,150,24.0,34.0,1,0,55.0,-4,55094,2951,9248
8475799,135274375439,804,59567,18,11,115,52.0,4,7,42,1,4,35.0,42.0,0,0,19.0,-3,51903,121,7543
8475807,96912986787,288,34836,3,4,49,91.0,0,0,17,1,7,12.0,10.0,0,0,31.0,-6,29179,5569,88
8475808,4038041484,106,1201,0,0,2,3.0,0,0,2,7,13,0.0,1.0,0,0,2.0,-2,1114,87,0
8475810,111046135343,275,65225,29,27,151,71.0,8,9,30,2,10,29.0,37.0,1,1,35.0,14,50590,5398,9237
8475820,131236335264,1365,63382,17,16,111,25.0,4,1,26,9,21,28.0,20.0,0,0,38.0,2,52948,2001,8433
8475825,10095105096,120,5436,0,1,4,15.0,0,0,2,0,0,0.0,1.0,0,0,7.0,1,4931,393,112
8475832,56532576304,56,18982,3,3,28,31.0,0,0,2,0,0,4.0,11.0,0,1,22.0,-4,16755,2184,43
8475834,133255356608,1848,54824,11,7,78,56.0,0,0,26,3,20,28.0,18.0,1,0,18.0,-12,48100,5869,855
8475841,76722780781,1064,29646,4,1,44,16.0,0,1,2,0,1,10.0,17.0,0,0,30.0,-10,27440,350,1856
8475842,18171185078,216,7434,1,1,16,13.0,0,0,0,33,72,1.0,5.0,1,0,8.0,-3,6522,219,693
8475848,119122209577,472,59863,21,22,226,53.0,1,4,29,12,29,39.0,18.0,0,0,29.0,9,52509,88,7266
8475855,139312419574,207,68753,17,12,84,125.0,0,0,20,9,26,24.0,32.0,2,0,53.0,16,58563,9755,435
8475857,6057060452,30,1996,0,0,2,2.0,0,0,0,0,0,0.0,1.0,0,0,3.0,0,1863,133,0
8475868,102970046212,2652,46393,8,0,54,145.0,0,0,32,0,0,16.0,22.0,0,1,50.0,3,39537,6683,173
8475869,24228249780,280,8982,0,0,17,24.0,0,0,0,0,0,3.0,9.0,0,0,20.0,-3,8806,166,10
8475902,16152164791,40,7063,0,0,11,21.0,0,0,4,0,0,0.0,6.0,0,0,10.0,-1,6530,183,350
8475906,117103191594,1450,77134,26,6,120,29.0,2,15,22,0,0,24.0,71.0,0,0,72.0,-10,67231,1046,8857
8475907,28266282179,322,8228,4,1,15,40.0,0,0,7,2,2,2.0,1.0,0,0,2.0,-3,7485,0,743
8475913,131236331274,3510,75711,42,21,168,56.0,6,11,27,16,46,78.0,38.0,0,1,51.0,15,58390,7518,9803
8475958,4038040680,30,973,0,0,1,3.0,0,0,0,3,6,2.0,1.0,0,0,0.0,0,973,0,0
8476043,6057061996,3,1463,1,0,4,3.0,0,0,0,5,11,0.0,0.0,0,0,0.0,1,1463,0,0
8476166,54513547713,675,22278,7,2,40,16.0,0,0,8,0,0,2.0,12.0,0,0,19.0,3,21498,599,181
8476195,8076081542,56,2661,1,0,5,3.0,0,0,4,0,0,5.0,1.0,0,0,1.0,-2,2503,0,158
8476207,30285304195,180,8784,0,0,9,7.0,0,0,4,0,0,8.0,7.0,0,0,9.0,-7,8122,616,46
8476278,54513560099,486,17746,7,3,31,43.0,0,0,10,37,66,6.0,7.0,0,0,23.0,7,17602,1,143
8476285,28266291693,121,8772,2,0,7,15.0,0,0,0,43,79,0.0,1.0,0,0,4.0,-4,8264,484,24
8476288,129217312335,768,54353,21,8,98,36.0,4,5,30,9,29,15.0,19.0,0,0,25.0,3,45792,124,8437
8476292,139312418605,966,67026,24,17,128,145.0,4,4,22,7,21,41.0,34.0,1,0,61.0,25,58075,3459,5492
8476293,12114124739,42,4187,1,1,8,3.0,0,0,2,0,0,5.0,0.0,0,0,0.0,1,4178,0,9
8476312,100951030993,1200,61893,8,1,64,113.0,0,0,37,0,0,21.0,41.0,0,1,65.0,-10,54037,7512,344
8476326,125179276906,1364,49221,9,12,64,165.0,0,0,12,0,2,24.0,11.0,2,1,44.0,-8,40520,8497,204
8476329,48456491204,360,16924,7,3,26,14.0,0,1,2,50,119,7.0,6.0,0,0,9.0,9,15251,419,1254
8476331,119122211649,961,71306,10,0,74,105.0,0,0,37,0,0,9.0,42.0,0,2,77.0,4,60519,8074,2713
8476344,16152162870,184,3006,0,2,5,6.0,2,0,2,8,22,1.0,2.0,0,0,3.0,-2,2645,0,361
8476346,141331436564,1400,78834,40,18,209,1.0,6,12,12,1,4,40.0,71.0,0,0,11.0,-10,66610,54,12170
8476356,111046129882,1100,36612,6,4,77,30.0,0,0,6,11,53,17.0,8.0,1,1,26.0,-12,31218,5299,95
8476368,10095105067,5,4346,1,1,1,5.0,0,0,0,0,0,1.0,1.0,0,0,7.0,1,4102,244,0
8476372,24228247274,276,8588,1,0,5,19.0,0,0,15,0,0,1.0,7.0,0,0,21.0,-8,8099,468,21
8476374,139312416742,414,55022,17,6,95,145.0,0,1,34,254,521,28.0,27.0,0,1,31.0,-2,48186,6727,109
8476381,52494525828,416,22554,7,3,46,74.0,1,1,33,42,93,12.0,15.0,0,0,9.0,-4,18815,233,3506
8476389,125179276406,799,62219,27,11,141,101.0,1,6,49,434,832,51.0,64.0,1,0,37.0,-8,52949,1929,7341
8476391,32304326776,336,8135,1,0,7,7.0,0,0,2,3,18,5.0,0.0,0,0,3.0,-1,7624,0,511
8476392,98932000152,2548,43987,6,4,68,137.0,0,0,23,349,649,31.0,11.0,1,1,22.0,-4,36780,6519,688
8476393,131236338303,842,52693,15,10,115,91.0,3,2,35,35,73,29.0,21.0,0,0,31.0,0,46441,57,6195
8476396,14133144931,21,2474,0,0,2,4.0,0,0,0,6,9,2.0,2.0,0,0,4.0,-1,2401,73,0
8476399,133255355375,183,66203,11,21,200,191.0,1,2,56,47,149,48.0,21.0,3,1,46.0,0,53899,10558,1746
8476400,70665719022,1820,14327,2,3,20,24.0,0,1,0,11,20,2.0,5.0,0,0,13.0,0,13982,185,160
8476404,28266286619,56,7168,1,0,14,20.0,0,0,2,4,8,1.0,0.0,0,0,4.0,-3,7161,0,7
8476406,127198296194,2394,34697,3,3,45,55.0,0,0,20,210,380,14.0,16.0,0,0,20.0,1,29288,5289,120
8476409,18171181839,180,5295,0,1,12,6.0,0,0,4,1,1,2.0,1.0,0,0,2.0,-1,5285,0,10
8476410,72684730100,828,32425,12,7,69,17.0,0,4,4,10,17,11.0,15.0,0,0,8.0,1,28303,122,4000
8476419,135274375803,554,77011,16,26,151,128.0,5,5,49,615,1149,33.0,32.0,3,3,53.0,4,60784,9076,7151
8476422,88836910184,382,47573,15,1,85,39.0,1,8,24,0,0,9.0,39.0,0,1,46.0,-6,42398,872,4303
8476428,133255357864,1188,50093,21,10,122,23.0,0,0,10,1,6,27.0,20.0,0,0,14.0,10,49505,65,523
8476429,135274376933,134,80166,8,5,98,93.0,0,0,53,0,0,21.0,70.0,0,2,117.0,8,69906,10041,219
8476430,24228241322,264,7183,2,0,7,4.0,0,0,4,2,4,6.0,2.0,0,0,3.0,1,7005,0,178
8476432,141331438055,2030,76089,13,11,179,109.0,2,2,36,643,1166,24.0,28.0,0,1,80.0,-14,61074,7550,7465
8476437,86817881023,1290,27044,8,5,38,26.0,0,0,6,120,272,13.0,5.0,0,0,8.0,7,26331,81,632
8476438,117103190877,928,58281,12,21,140,36.0,1,0,16,23,58,40.0,25.0,2,0,19.0,2,47891,6095,4295
8476439,54513549234,162,16854,4,2,34,89.0,0,1,21,2,5,3.0,4.0,0,0,3.0,-3,16016,4,834
8476440,68646691356,748,22092,1,3,26,15.0,0,0,14,25,57,11.0,7.0,0,0,18.0,-1,19585,2386,121
8476441,137293396227,816,75273,13,7,97,118.0,0,0,72,0,0,23.0,45.0,0,0,91.0,7,63748,11452,73
8476442,141331438918,1470,56714,13,8,85,37.0,0,0,6,2,5,19.0,17.0,2,0,23.0,7,46708,9882,124
8476443,24228251414,96,10006,2,0,8,24.0,0,0,4,0,0,1.0,4.0,0,0,15.0,0,9325,681,0
8476447,10095100758,90,3644,0,1,2,9.0,0,0,4,0,0,1.0,3.0,0,0,3.0,2,3491,64,89
8476448,127198291160,3402,71313,31,15,138,40.0,2,6,16,493,946,54.0,37.0,2,3,38.0,11,56659,7256,7398
8476449,78741806363,1131,32633,7,1,37,46.0,0,0,16,0,0,5.0,9.0,0,0,48.0,-3,31137,1423,73
8476453,137293398077,952,76962,52,33,210,37.0,4,21,38,0,1,30.0,59.0,0,0,19.0,26,62425,22,14515
8476454,131236335758,1430,79820,39,22,172,33.0,7,17,33,205,404,54.0,39.0,0,0,44.0,1,58540,6671,14609
8476455,109027114048,1134,64895,23,21,145,86.0,6,9,47,274,486,39.0,25.0,0,0,35.0,-2,52448,164,12283
8476456,139312417630,897,77713,55,23,152,51.0,5,24,30,24,61,42.0,70.0,0,0,26.0,5,62829,98,14786
8476457,98932014414,1078,58304,5,1,61,112.0,0,0,35,0,0,16.0,35.0,0,0,82.0,0,53505,4738,61
8476458,141331439748,210,82262,41,18,154,45.0,3,14,48,496,1044,27.0,54.0,0,1,32.0,21,60454,9411,12397
8476459,115084176138,171,73970,34,41,208,51.0,15,12,14,592,1204,42.0,43.0,3,2,49.0,9,52451,8968,12551
8476460,143350458511,3692,92887,44,29,170,34.0,10,10,45,604,1289,57.0,46.0,0,0,49.0,2,77746,1053,14088
8476461,139312417505,276,82103,37,22,185,60.0,4,9,30,542,909,40.0,36.0,0,0,26.0,21,62243,8429,11431
8476462,94893957172,564,65661,26,14,170,52.0,2,10,32,0,0,22.0,40.0,0,1,63.0,30,50180,6562,8919
8476463,139312417326,2070,89223,26,2,103,41.0,0,1,24,0,0,14.0,16.0,0,2,112.0,15,79143,8478,1602
8476466,12114121721,138,4256,2,0,7,5.0,0,2,4,0,0,1.0,1.0,0,0,0.0,-2,3683,0,573
8476467,139312416608,1725,65453,7,3,76,153.0,0,0,41,0,0,24.0,46.0,0,0,59.0,-6,63117,2241,95
8476468,139312417081,1587,83226,45,27,165,123.0,9,16,47,425,718,52.0,36.0,0,2,38.0,11,64693,2513,16020
8476469,117103191043,464,59947,14,16,155,146.0,3,1,28,4,11,47.0,27.0,3,1,25.0,2,47312,5616,7019
8476470,76722785211,1976,38751,7,1,38,62.0,0,0,29,0,0,6.0,23.0,0,0,47.0,15,33412,5254,85
8476472,125179269331,1364,94530,29,5,159,45.0,2,16,24,0,0,36.0,58.0,0,0,180.0,-17,71766,9256,13508
8476473,117103196215,928,73952,14,5,117,128.0,0,0,27,0,0,17.0,44.0,0,1,138.0,2,64129,9582,241
8476474,80760830647,982,27676,2,7,67,74.0,1,0,32,7,18,16.0,8.0,0,0,17.0,-1,25992,22,1662
8476479,143350458513,568,80276,34,13,131,119.0,1,3,32,728,1336,34.0,50.0,0,0,37.0,18,62921,10692,6663
8476480,131236335622,681,58727,14,17,98,108.0,2,2,45,22,47,25.0,28.0,4,2,47.0,-5,45959,6807,5961
8476483,131236335225,1560,70838,27,15,186,81.0,3,6,12,10,13,30.0,42.0,0,3,29.0,-5,59080,2546,9212
8476525,102970046548,357,52430,10,1,79,87.0,0,3,22,0,0,9.0,29.0,0,0,40.0,-9,47332,927,4171
8476539,133255354147,3564,68439,25,22,235,99.0,6,6,28,58,136,37.0,48.0,0,0,12.0,6,59610,48,8781
8476624,141331437480,1848,66873,18,8,102,162.0,0,2,97,393,799,44.0,23.0,0,1,66.0,-8,53872,10211,2790
8476779,119122209395,1770,53586,11,8,106,12.0,3,7,6,0,0,15.0,14.0,0,0,39.0,-7,45390,200,7996
8476792,123160253147,366,74984,40,9,144,36.0,2,26,33,0,0,22.0,48.0,0,0,48.0,-4,60423,348,14213
8476807,40380406104,20,14576,3,0,14,27.0,0,0,6,0,0,2.0,8.0,0,0,18.0,-2,14509,59,8
8476822,121141235550,1020,55276,3,6,76,147.0,0,0,14,393,700,10.0,18.0,1,0,68.0,-29,44493,10366,417
8476826,141331439300,980,59075,20,10,110,78.0,1,5,49,93,172,48.0,14.0,2,1,20.0,-5,49951,6157,2967
8476850,54513549592,783,32328,7,2,32,12.0,0,2,4,0,0,6.0,15.0,0,0,50.0,-9,27625,3308,1395
8476851,119122215488,645,43545,16,8,86,52.0,2,5,16,67,131,5.0,20.0,0,0,17.0,-5,37634,39,5872
8476853,94893956709,470,68246,24,3,123,38.0,0,7,24,0,1,17.0,42.0,0,0,67.0,6,56053,5595,6598
8476854,111046128605,1320,76123,20,2,109,34.0,1,7,34,0,0,20.0,53.0,0,2,71.0,-10,61352,8763,6008
8476856,139312417326,2070,93149,18,6,167,98.0,1,7,41,0,0,20.0,35.0,0,1,88.0,-7,77566,4586,10997
8476857,10095103182,50,2611,1,0,4,1.0,0,0,0,0,0,1.0,2.0,0,0,1.0,0,2611,0,0
8476858,40380418942,60,13546,3,1,35,38.0,0,0,2,0,2,3.0,4.0,0,0,20.0,1,13439,87,20
8476867,2019020378,6,550,1,0,0,2.0,0,0,2,0,1,0.0,0.0,0,0,0.0,1,550,0,0
8476869,135274377470,264,83177,16,8,139,103.0,0,0,45,0,0,36.0,55.0,0,2,96.0,-10,72443,10264,470
8476870,18171188995,261,6675,1,2,18,27.0,0,0,5,0,0,2.0,1.0,0,0,10.0,0,6501,160,14
8476871,139312417081,1587,68360,24,21,164,96.0,3,7,27,3,17,37.0,33.0,2,1,40.0,-4,57383,4390,6587
8476872,98932010291,196,42945,14,13,74,109.0,0,0,26,146,271,22.0,21.0,0,0,26.0,13,37583,5012,350
8476873,113065148990,1120,37289,2,5,38,14.0,0,0,14,190,425,32.0,20.0,0,0,33.0,-12,30021,6852,416
8476874,131236336190,1040,71838,13,4,80,119.0,0,0,20,0,0,22.0,57.0,0,2,110.0,0,63516,7377,945
8476875,119122212552,767,63846,12,8,104,44.0,1,1,14,0,0,41.0,54.0,0,0,53.0,-1,58802,4300,744
8476878,139312416691,483,57106,7,12,85,110.0,0,0,10,30,73,13.0,11.0,1,0,20.0,-1,48098,8837,171
8476879,113065143923,560,69018,7,1,48,92.0,0,0,20,0,0,13.0,30.0,0,0,79.0,7,59227,9541,250
8476880,137293395568,1020,74521,23,21,154,253.0,5,2,93,18,57,25.0,40.0,1,1,58.0,-3,58723,8262,7536
8476881,96912978933,1344,53122,20,16,117,29.0,2,5,16,433,790,25.0,18.0,2,0,25.0,-18,41507,4174,7441
8476882,137293396227,816,78308,48,15,182,18.0,4,17,8,26,53,44.0,44.0,1,3,30.0,20,58803,7237,12268
8476884,4038040813,38,1000,0,0,1,2.0,0,0,2,0,0,0.0,1.0,0,0,1.0,-1,1000,0,0
8476885,141331439748,210,94770,20,7,168,173.0,4,4,61,0,0,43.0,69.0,0,2,128.0,-12,76760,10509,7501
8476886,84798867955,672,42230,9,1,47,64.0,0,0,42,0,0,9.0,27.0,0,0,58.0,3,38811,3344,75
8476887,127198297238,1134,65585,27,21,198,82.0,7,7,29,1,3,58.0,45.0,0,0,27.0,-7,53276,1484,10825
8476889,133255354396,1650,62929,9,11,109,84.0,3,0,42,404,810,34.0,27.0,0,0,44.0,-6,51348,5767,5814
8476891,137293396183,408,73679,17,4,112,56.0,1,6,34,0,0,22.0,39.0,0,1,67.0,15,63228,4149,6302
8476892,129217313481,1216,88329,18,10,162,87.0,3,2,16,0,0,33.0,41.0,0,1,106.0,7,77882,7476,2971
8476894,123160248070,915,33527,8,3,49,57.0,0,1,13,9,21,8.0,24.0,0,0,20.0,3,31893,0,1634
8476897,115084169103,1083,49181,11,12,97,60.0,0,0,28,105,237,36.0,11.0,1,1,26.0,5,42904,5614,663
8476902,139312416608,1725,96913,20,3,98,89.0,1,6,12,0,0,31.0,62.0,0,3,127.0,5,76586,15724,4603
8476905,131236335318,2574,55867,15,11,73,52.0,1,1,16,233,514,37.0,22.0,2,1,32.0,24,48536,4725,2606
8476906,84798855695,168,46098,7,5,73,14.0,1,4,20,0,0,9.0,27.0,0,0,37.0,-4,39325,136,6637
8476907,102970046167,969,27399,3,7,63,82.0,0,0,33,1,4,14.0,11.0,0,0,13.0,2,27155,151,93
8476913,90855925894,1110,31444,7,5,50,52.0,0,2,8,47,100,12.0,8.0,0,0,14.0,-10,29659,528,1257
8476915,129217314195,1408,48127,4,6,69,136.0,0,0,38,34,66,15.0,36.0,0,0,30.0,-19,41626,6087,414
8476917,76722772091,76,48181,8,1,49,81.0,0,0,20,0,0,32.0,48.0,0,2,83.0,4,41701,6345,135
8476918,129217314396,448,53005,11,9,93,43.0,0,1,15,0,5,26.0,16.0,1,0,20.0,12,47896,3666,1443
8476919,143350459353,639,73229,26,11,102,44.0,1,1,20,521,1018,32.0,42.0,4,1,37.0,-6,59317,9898,4014
8476921,90855926629,540,30401,11,2,44,72.0,0,0,22,66,128,24.0,19.0,0,2,23.0,-2,26892,3464,45
8476922,8076081582,12,1807,0,0,2,3.0,0,0,4,14,19,1.0,0.0,0,0,2.0,2,1654,153,0
8476923,139312418173,69,95066,23,8,114,81.0,3,7,52,0,0,35.0,73.0,0,0,97.0,-20,76670,10154,8242
8476924,34323355282,442,14115,2,6,26,14.0,1,0,4,0,0,2.0,10.0,0,0,3.0,-1,12606,1,1508
8476925,115084169754,1026,49012,6,9,52,84.0,0,0,20,283,552,14.0,25.0,1,0,41.0,-2,40238,8043,731
8476927,139312417449,345,65460,13,9,102,83.0,0,0,25,402,890,29.0,22.0,0,2,35.0,2,55128,9866,466
8476931,133255355176,462,73374,10,3,75,91.0,0,0,41,0,0,19.0,21.0,1,0,90.0,-11,64169,9023,182
8476934,137293396227,816,53864,10,7,93,80.0,0,0,17,15,39,19.0,10.0,2,0,28.0,-4,43802,9881,181
8476941,58551601945,29,25073,5,1,25,27.0,0,0,17,0,0,5.0,12.0,0,0,39.0,-6,24121,803,149
8476947,86817887311,1118,31232,10,4,63,38.0,0,3,6,101,212,19.0,14.0,0,0,7.0,-6,29697,14,1521
8476948,30285309511,120,10387,1,1,22,25.0,0,0,0,1,4,5.0,2.0,0,0,2.0,-9,9434,0,953
8476952,92874949979,598,30752,7,4,38,57.0,0,0,37,128,272,17.0,13.0,0,0,28.0,4,29261,1201,290
8476953,6057060125,84,1042,0,0,1,1.0,0,0,5,0,0,0.0,2.0,0,0,0.0,0,951,0,91
8476958,137293396227,816,95495,30,6,145,43.0,0,3,10,0,0,81.0,49.0,0,1,107.0,30,79108,12655,3732
8476960,111046128829,980,52287,15,11,129,36.0,3,4,30,43,103,15.0,31.0,0,0,24.0,-46,45469,143,6675
8476966,6057060057,42,1651,0,1,1,1.0,0,0,4,13,20,1.0,0.0,0,0,2.0,0,1529,112,10
8476967,113065153324,448,57589,7,0,101,59.0,0,0,12,0,0,13.0,36.0,0,0,50.0,-1,56681,722,186
8476974,4038041301,10,718,0,0,2,4.0,0,0,10,0,0,0.0,0.0,0,0,1.0,-3,718,0,0
8476975,123160257879,854,47777,11,7,78,175.0,0,0,42,316,621,17.0,9.0,1,1,49.0,-1,40697,6833,247
8476979,133255355401,1084,80710,23,6,103,86.0,2,7,27,0,0,21.0,58.0,0,0,58.0,-9,69345,697,10668
8476981,52494527749,754,25052,3,1,63,68.0,0,0,17,7,19,9.0,12.0,0,0,13.0,-8,19801,2537,2714
8476983,4038040865,52,1536,1,0,2,2.0,0,0,0,0,0,1.0,1.0,0,0,3.0,0,1506,30,0
8476987,8076080544,216,3744,0,0,6,8.0,0,0,4,0,0,0.0,2.0,0,0,8.0,-2,3571,141,32
8476988,86817881762,946,34126,7,1,38,78.0,0,0,15,0,0,12.0,19.0,0,0,34.0,8,32471,1645,10
8476994,137293395438,3604,53474,17,5,132,51.0,0,1,14,26,61,30.0,20.0,0,1,26.0,1,49973,3217,284
8477003,18171184882,72,4459,0,0,6,15.0,0,0,2,1,1,0.0,2.0,0,0,1.0,-1,4459,0,0
8477010,42399427992,105,10346,3,2,12,26.0,0,0,10,33,81,8.0,1.0,0,0,9.0,-3,10258,64,24
8477015,143350459353,639,85689,27,16,173,39.0,3,1,24,29,68,52.0,40.0,0,2,35.0,-6,67478,11107,7104
8477018,131236333351,1690,71254,12,4,114,51.0,0,0,14,0,0,12.0,41.0,0,0,76.0,5,65246,5511,497
8477021,131236335301,650,57600,19,9,88,48.0,1,2,32,191,407,28.0,33.0,0,0,41.0,-2,51652,1055,4893
8477038,133255357579,66,58185,31,13,158,12.0,5,10,12,1,3,22.0,40.0,0,0,7.0,-15,48325,10,9850
8477043,22209230296,246,12609,2,1,13,2.0,0,1,0,0,0,2.0,6.0,0,0,12.0,3,10359,811,1439
8477046,70665717218,910,40166,4,1,54,24.0,0,0,10,0,0,6.0,28.0,0,0,46.0,-10,36570,3474,122
8477073,90855927116,1170,36990,5,3,51,95.0,0,0,47,0,0,5.0,26.0,0,1,43.0,-9,33894,3085,11
8477085,2019020216,23,169,0,0,1,0.0,0,0,0,0,0,0.0,0.0,0,0,0.0,0,169,0,0
8477126,16152162091,168,3222,0,0,4,10.0,0,0,2,0,1,0.0,1.0,0,0,5.0,-1,3218,0,4
8477149,70665722288,315,14730,4,2,29,74.0,0,0,33,0,1,5.0,6.0,0,0,13.0,-6,14725,0,5
8477210,10095104015,100,3671,0,1,6,14.0,0,0,7,0,0,2.0,1.0,0,0,5.0,0,3516,155,0
8477213,107008083059,1225,36771,1,5,49,51.0,0,0,14,7,18,14.0,9.0,1,0,28.0,-14,28063,8584,124
8477215,16152160562,136,10589,4,0,12,6.0,0,0,4,0,0,0.0,8.0,0,0,18.0,0,8897,1686,6
8477220,119122216307,3186,76741,24,7,112,25.0,1,6,12,0,0,33.0,39.0,0,0,91.0,11,67401,5638,3702
8477240,143350458900,1704,54630,11,8,63,189.0,0,0,14,47,103,24.0,26.0,2,2,42.0,5,44163,10093,374
8477244,82779848119,205,36332,4,2,44,74.0,0,0,12,0,0,7.0,17.0,0,0,25.0,4,33116,3142,74
8477290,117103191537,232,43038,12,8,66,73.0,0,1,14,99,197,19.0,23.0,1,0,25.0,-2,38466,4410,162
8477320,14133145945,42,4837,0,0,9,20.0,0,0,0,0,1,2.0,1.0,0,0,5.0,-1,4251,586,0
8477330,137293398042,1088,58648,16,30,157,79.0,4,4,16,6,19,23.0,25.0,0,0,17.0,2,50594,101,7953
8477337,8076080852,28,4090,0,0,5,3.0,0,0,0,0,0,0.0,3.0,0,0,3.0,-2,3780,310,0
8477341,86817876687,430,40647,13,8,78,43.0,4,1,14,0,2,13.0,20.0,0,0,21.0,0,34867,567,5213
8477343,12114120633,90,3657,0,0,2,13.0,0,0,17,0,0,1.0,3.0,0,0,7.0,-2,3517,140,0
8477346,90855923770,585,54315,11,7,77,76.0,0,0,33,0,0,25.0,38.0,0,0,71.0,6,48915,4842,558
8477353,68646702549,782,26758,4,4,38,118.0,0,0,10,8,19,16.0,9.0,0,0,37.0,-10,22570,4085,103
8477355,113065147237,56,60202,17,4,62,31.0,0,1,6,0,0,10.0,27.0,0,0,75.0,-8,55096,751,4355
8477359,115084168574,2964,59673,12,4,64,58.0,0,0,24,0,0,14.0,46.0,1,0,59.0,-1,56628,2444,601
8477365,62589629557,186,26824,0,2,20,90.0,0,0,12,0,0,12.0,7.0,0,0,33.0,4,25822,848,154
8477366,6057061633,90,2085,0,0,1,6.0,0,0,0,16,32,0.0,0.0,0,0,0.0,-3,1900,76,109
8477369,111046126208,1650,51575,7,7,61,69.0,0,0,18,0,0,17.0,16.0,1,0,50.0,16,47684,3773,118
8477380,6057060274,84,1332,1,0,5,3.0,0,0,0,0,1,0.0,0.0,0,0,0.0,0,1256,0,76
8477384,113065148583,728,45084,5,3,48,77.0,0,0,39,0,0,10.0,24.0,0,0,53.0,1,43642,1430,12
8477401,86817887887,43,25066,1,3,39,87.0,0,0,77,4,19,13.0,7.0,0,0,27.0,-2,24401,532,133
8477402,137293397792,204,69073,30,16,148,80.0,4,5,24,4,23,38.0,64.0,0,0,22.0,2,59624,69,9380
8477404,78741791819,195,48270,23,20,127,46.0,6,4,14,22,46,21.0,12.0,0,0,19.0,11,40272,572,7426
8477406,125179273761,1550,54386,15,6,86,22.0,1,4,12,30,69,27.0,31.0,1,1,37.0,-5,45964,6062,2360
8477407,133255354713,594,64393,17,23,184,53.0,5,3,18,3,6,18.0,46.0,2,0,39.0,-5,50510,3693,10190
8477409,104989069543,728,29208,4,9,57,29.0,1,0,8,14,31,19.0,11.0,0,0,8.0,-9,28366,79,763
8477416,98932001418,1421,52748,15,21,162,43.0,3,3,12,6,19,32.0,27.0,0,0,16.0,8,45424,28,7296
8477417,6057060628,18,2028,1,0,0,2.0,0,0,2,1,2,3.0,1.0,0,0,2.0,-1,1879,46,103
8477425,137293397225,68,53992,12,11,141,102.0,0,0,57,0,1,15.0,22.0,0,0,26.0,-19,50518,247,3227
8477426,113065151614,504,48525,11,9,103,122.0,0,1,24,191,373,27.0,19.0,0,0,39.0,0,45325,1471,1729
8477429,127198293751,3276,66892,16,10,121,59.0,1,0,10,310,585,38.0,27.0,0,3,27.0,-3,53792,8625,4475
8477435,139312418727,1449,78423,17,9,134,112.0,0,0,45,0,0,19.0,40.0,0,2,150.0,40,66586,11591,246
8477444,117103188421,1218,52898,25,20,103,26.0,2,9,22,5,14,27.0,33.0,0,0,34.0,11,44591,12,8295
8477447,143350457489,3834,94734,33,13,219,20.0,1,15,25,0,0,55.0,54.0,1,0,69.0,13,80886,610,13238
8477448,6057061591,87,1291,0,0,2,5.0,0,0,2,0,0,1.0,1.0,0,0,3.0,-1,1291,0,0
8477450,131236336458,1625,58403,12,9,85,89.0,0,0,6,196,447,47.0,29.0,0,1,55.0,7,49712,8429,262
8477451,139312417326,2070,50738,11,9,114,44.0,1,0,69,83,152,34.0,14.0,0,0,54.0,4,45905,4473,360
8477454,113065149562,952,39701,3,2,63,142.0,0,0,28,20,33,5.0,27.0,0,0,25.0,-24,36600,184,2917
8477455,100951021213,918,32174,7,2,46,120.0,0,0,10,118,274,13.0,8.0,0,0,16.0,2,28572,3549,53
8477456,135274378707,1407,67331,20,11,106,36.0,1,4,18,341,715,22.0,21.0,0,3,60.0,9,50001,9073,8257
8477458,30285304580,810,10990,3,1,19,20.0,1,0,6,0,1,5.0,12.0,0,0,3.0,-2,9779,7,1204
8477462,98932009412,196,45854,10,3,38,136.0,1,0,30,0,0,6.0,31.0,0,0,79.0,14,42510,3244,100
8477463,4038040664,36,1146,0,0,1,3.0,0,0,2,0,0,0.0,0.0,0,0,0.0,1,1111,35,0
8477464,32304324623,160,10674,3,0,19,7.0,0,0,4,1,4,4.0,2.0,0,0,4.0,-4,9896,0,778
8477467,6057061246,24,1459,0,0,2,1.0,0,0,2,0,0,0.0,1.0,0,0,6.0,-4,1459,0,0
8477472,30285303869,780,13288,1,0,9,5.0,0,0,6,0,0,4.0,14.0,0,0,13.0,-4,12324,897,67
8477473,4038041743,46,639,0,0,1,4.0,0,0,0,0,0,0.0,1.0,0,0,0.0,0,639,0,0
8477474,107008088707,901,56947,14,3,70,53.0,0,1,34,0,0,14.0,45.0,0,0,58.0,-16,50453,4318,2176
8477476,141331437578,560,64797,14,13,140,120.0,0,0,24,12,26,30.0,22.0,1,0,38.0,2,53887,10150,760
8477478,143350457489,3834,42070,12,7,99,213.0,0,0,39,9,14,22.0,8.0,0,0,11.0,-1,41615,191,264
8477479,143350458013,1207,82279,27,21,129,71.0,3,11,40,4,6,25.0,57.0,0,0,30.0,-23,68110,778,13391
8477482,117103193496,1102,47791,14,16,90,109.0,1,0,28,1,9,18.0,19.0,0,0,32.0,13,43845,1546,2400
8477488,123160249034,732,80088,14,4,104,22.0,0,0,27,0,0,42.0,39.0,0,2,91.0,7,67087,11930,1071
8477492,139312417837,1449,87861,58,35,318,51.0,12,19,12,362,840,38.0,53.0,0,0,31.0,13,70497,303,17061
8477493,133255355173,858,79260,42,20,172,21.0,7,13,18,653,1203,51.0,52.0,0,1,35.0,2,61426,4409,13425
8477494,54513550054,216,25436,8,7,51,25.0,1,3,14,4,12,12.0,11.0,0,0,5.0,-6,21515,27,3894
8477495,113065144594,1624,84941,24,6,126,62.0,2,7,20,0,0,29.0,37.0,0,1,123.0,10,68171,8123,8647
8477496,141331436564,1400,82878,25,29,169,93.0,8,11,22,395,801,38.0,33.0,0,0,41.0,-8,62196,8796,11886
8477497,141331436564,1400,75939,26,22,166,65.0,8,8,25,549,1044,43.0,36.0,0,0,22.0,-16,63785,123,12031
8477498,143350458227,1562,99916,28,5,170,172.0,0,5,48,0,0,26.0,54.0,0,0,141.0,-2,86727,8668,4521
8477499,139312416691,483,94389,27,6,128,203.0,2,7,46,0,0,17.0,24.0,0,1,82.0,-2,75430,9328,9631
8477500,139312417081,1587,81690,31,22,178,55.0,11,4,21,850,1483,28.0,27.0,0,0,66.0,-14,64646,1691,15353
8477501,131236337823,1365,54884,14,13,113,84.0,1,0,14,2,5,38.0,18.0,1,0,22.0,26,46538,2284,6062
8477502,2019020173,4,752,0,0,0,2.0,0,0,0,0,0,1.0,2.0,0,0,0.0,-1,752,0,0
8477503,143350458513,568,72835,27,17,179,32.0,1,10,35,385,788,42.0,64.0,0,0,13.0,-3,62861,84,9890
8477504,131236334506,3380,88804,26,5,120,34.0,1,11,24,0,0,22.0,46.0,0,0,59.0,1,78261,3733,6810
8477505,115084166788,1653,57055,17,5,72,21.0,1,4,16,309,672,20.0,25.0,0,0,31.0,-5,44850,5105,7100
8477506,137293397506,136,91424,25,10,163,110.0,3,5,14,0,0,15.0,64.0,0,0,139.0,8,78132,6084,7208
8477507,129217315888,1344,68247,9,4,65,175.0,0,0,65,0,0,23.0,35.0,0,0,66.0,6,61457,6521,269
8477508,76722787935,266,26979,5,5,33,70.0,0,0,9,185,361,13.0,10.0,0,1,24.0,-3,22880,4050,49
8477509,100951030213,50,52927,5,2,29,63.0,0,1,23,0,0,9.0,27.0,0,0,91.0,-13,46346,6218,363
8477511,86817880233,731,48745,22,16,137,49.0,6,3,34,16,38,22.0,30.0,0,0,25.0,-7,40824,40,7881
8477512,123160250902,610,34360,5,7,42,66.0,0,0,10,208,380,7.0,13.0,0,0,23.0,-4,30800,3476,84
8477520,6057061982,21,1374,0,0,0,3.0,0,0,0,1,2,0.0,0.0,0,0,0.0,0,1374,0,0
8477527,64608655539,64,15336,1,3,16,93.0,0,0,78,1,1,2.0,4.0,0,0,14.0,1,15330,0,6
8477529,22209226133,242,6364,0,1,5,17.0,0,0,4,36,77,3.0,1.0,0,0,3.0,-3,5761,598,5
8477541,20190210063,10,11530,3,1,17,20.0,0,0,4,0,0,1.0,7.0,0,0,21.0,7,10312,1202,16
8477573,10095102129,95,3339,1,1,6,10.0,0,0,4,1,1,0.0,1.0,0,0,1.0,-2,3339,0,0
8477810,16152161502,200,5451,2,0,4,3.0,0,0,6,0,0,0.0,5.0,0,0,8.0,0,5339,96,16
8477839,127198295962,425,49549,13,10,102,28.0,1,2,10,1,4,19.0,18.0,0,0,26.0,-5,44986,81,4482
8477845,98932010351,588,43707,7,1,58,21.0,0,0,10,0,0,13.0,17.0,0,0,37.0,-7,39992,3615,100
8477846,139312418358,1104,58264,12,3,80,117.0,0,0,28,263,610,30.0,29.0,1,2,48.0,-6,47314,9966,984
8477850,32304331024,128,13856,1,1,13,38.0,0,0,13,0,0,1.0,8.0,0,0,21.0,-1,13315,536,5
8477851,117103192703,3074,59211,10,3,69,48.0,0,2,14,0,0,11.0,37.0,0,0,88.0,-9,53483,2281,3447
8477887,2019020965,54,604,0,1,2,6.0,0,0,0,0,0,0.0,1.0,0,0,0.0,0,604,0,0
8477901,22209223635,198,6822,0,1,14,10.0,0,0,4,0,1,8.0,1.0,0,0,2.0,-5,6692,19,111
8477903,133255355102,990,42679,7,9,80,189.0,0,0,79,9,29,21.0,16.0,0,1,46.0,6,37368,5151,160
8477922,123160251182,1708,44905,6,6,56,38.0,0,0,20,14,31,26.0,11.0,0,0,39.0,-7,36969,7789,147
8477930,139312418642,1449,55559,13,9,85,43.0,0,0,17,419,790,53.0,17.0,2,2,46.0,2,46636,8629,294
8477931,135274376063,3618,46669,7,8,93,91.0,0,0,20,217,433,22.0,16.0,1,0,38.0,-3,41242,5173,254
8477932,135274376900,871,92365,36,5,147,34.0,0,6,26,0,0,37.0,74.0,0,1,84.0,12,78389,8169,5807
8477933,139312416691,483,85402,28,22,144,36.0,5,7,20,40,112,21.0,33.0,0,0,27.0,-15,70860,202,14340
8477934,143350458227,1562,96324,67,43,218,27.0,16,28,18,661,1269,60.0,91.0,0,0,19.0,-7,76220,3724,16380
8477935,104989068599,1040,39035,4,8,82,101.0,0,1,36,89,172,19.0,22.0,0,0,13.0,-1,36544,212,2279
8477936,107008088837,106,37519,6,4,59,81.0,0,0,12,5,7,10.0,18.0,0,0,21.0,-8,36618,25,876
8477937,139312417081,1587,54173,18,18,150,102.0,6,3,41,5,18,37.0,31.0,0,0,28.0,-4,50372,117,3684
8477938,90855926248,540,36896,10,4,65,48.0,0,0,8,0,0,17.0,26.0,0,1,45.0,-2,34775,2100,21
8477939,137293395319,680,74291,28,31,197,9.0,9,8,12,106,212,42.0,41.0,0,0,14.0,-2,62467,57,11767
8477940,143350458511,3692,70390,33,25,203,36.0,3,2,30,0,2,32.0,39.0,1,0,28.0,14,64605,119,5666
8477941,96912985295,1026,40764,12,9,78,102.0,2,1,97,1,8,11.0,20.0,0,0,17.0,1,36042,181,4541
8477942,129217316599,1920,59139,31,23,175,25.0,9,9,42,2,9,33.0,35.0,0,0,18.0,-1,49882,111,9146
8477943,80760822600,679,25670,3,1,48,22.0,0,0,10,0,0,7.0,8.0,0,0,10.0,-18,22737,11,2922
8477944,139312416165,1035,61613,27,25,187,29.0,1,11,18,6,11,31.0,42.0,0,0,16.0,3,53489,84,8040
8477946,143350458013,1207,90521,34,19,223,52.0,5,9,39,714,1362,43.0,81.0,0,0,45.0,-21,73541,3229,13751
8477947,111046129806,1550,43220,16,7,75,26.0,1,2,26,0,0,22.0,30.0,0,0,13.0,-7,39163,58,3999
8477948,139312417505,276,83438,17,8,110,41.0,0,4,32,0,0,22.0,53.0,0,0,79.0,4,72204,7481,3753
8477949,84798863434,2268,36830,9,8,98,58.0,3,4,8,8,28,27.0,27.0,0,0,20.0,-9,32099,263,4468
8477950,137293397949,204,78692,38,15,149,48.0,3,16,47,0,0,16.0,65.0,0,0,57.0,12,65935,202,12555
8477951,141331436985,3710,65247,34,11,95,12.0,2,11,20,160,376,52.0,27.0,0,0,35.0,3,55762,54,9431
8477952,123160254629,1055,59104,17,15,111,75.0,6,3,20,27,67,13.0,39.0,0,0,14.0,-33,49753,45,9306
8477953,139312416208,690,65371,23,13,121,73.0,0,3,22,2,15,36.0,29.0,2,0,17.0,0,53335,6845,5191
8477955,133255356256,330,60365,21,14,150,89.0,2,4,17,265,571,33.0,29.0,0,0,27.0,6,51722,1960,6683
8477956,141331437543,420,79635,47,48,279,47.0,20,18,40,7,18,49.0,88.0,0,0,22.0,21,63803,39,15793
8477958,2019020382,23,517,0,0,0,1.0,0,0,0,0,0,0.0,0.0,0,0,0.0,0,517,0,0
8477960,139312417425,1794,66290,21,11,148,71.0,2,8,29,92,223,24.0,27.0,2,2,17.0,-10,52234,3753,10303
8477961,18171185742,144,5966,0,0,14,21.0,0,0,0,3,4,2.0,5.0,0,0,3.0,-1,5551,19,396
8477962,119122213162,177,45561,12,6,86,164.0,2,3,111,18,49,15.0,30.0,1,1,52.0,-14,38682,2251,4628
8477963,52494537442,294,17306,7,3,26,65.0,0,0,16,4,12,11.0,12.0,0,0,9.0,1,17053,24,229
8477964,139312417300,1311,55695,15,11,75,144.0,0,0,23,149,328,33.0,31.0,2,1,33.0,4,48625,6619,451
8477969,139312417449,345,80320,20,2,79,106.0,0,2,35,0,0,17.0,38.0,0,0,84.0,9,71431,5273,3616
8477971,48456499288,216,15705,3,0,10,58.0,0,0,12,0,0,4.0,5.0,0,0,16.0,-8,14095,1568,42
8477972,4038042042,2,1991,0,0,3,3.0,0,0,2,0,0,1.0,0.0,0,0,4.0,1,1950,41,0
8477973,76722784369,798,20466,7,1,32,34.0,0,2,8,57,107,18.0,7.0,0,0,16.0,-2,17899,144,2423
8477974,20190206882,290,5611,1,0,13,8.0,0,0,0,10,27,3.0,2.0,0,0,3.0,1,5560,0,51
8477979,72684748483,144,24386,8,7,48,82.0,2,1,19,1,3,13.0,9.0,0,0,16.0,1,22240,390,1756
8477983,6057062525,84,1634,0,1,3,0.0,0,0,0,3,6,2.0,1.0,0,0,1.0,0,1634,0,0
8477986,109027114515,378,63175,13,5,86,60.0,0,2,28,0,0,12.0,27.0,0,0,53.0,13,57305,3732,2138
8477987,125179273389,1860,39562,9,14,95,53.0,0,2,12,40,102,21.0,13.0,0,0,14.0,5,36836,17,2709
8477989,141331436985,3710,70124,20,18,134,39.0,6,4,12,523,949,20.0,23.0,0,0,36.0,6,57425,1233,11466
8477998,137293396227,816,55935,17,13,129,64.0,0,0,34,18,38,39.0,30.0,3,0,17.0,9,51272,4447,216
8478010,133255358304,924,74851,39,25,141,24.0,8,5,11,397,777,30.0,19.0,0,0,30.0,28,61650,222,12979
8478013,2019020644,19,664,0,0,1,0.0,0,0,0,0,0,0.0,0.0,0,0,1.0,1,664,0,0
8478017,12114124475,24,4892,1,0,2,8.0,0,0,2,0,0,1.0,0.0,0,0,5.0,0,4864,0,28
8478020,137293397336,1768,53053,10,6,99,21.0,0,3,10,232,480,31.0,25.0,0,0,22.0,-11,46615,613,5825
8478021,16152166891,176,5695,0,0,8,4.0,0,0,0,0,0,0.0,7.0,0,0,12.0,-4,5067,628,0
8478027,135274375358,811,51388,13,12,84,57.0,3,3,18,379,753,22.0,17.0,0,1,26.0,0,42786,4385,4217
8478029,2019020735,24,899,0,0,1,1.0,0,0,0,0,1,0.0,0.0,0,0,0.0,0,855,0,44
8478036,109027109832,918,33729,2,2,36,59.0,0,0,2,96,226,6.0,12.0,0,0,18.0,-21,29623,4027,79
8478038,137293397506,136,83690,22,6,122,55.0,1,5,16,0,0,32.0,57.0,0,0,75.0,1,74213,341,9136
8478040,2019020472,19,354,0,0,0,0.0,0,0,0,0,0,0.0,0.0,0,0,0.0,0,354,0,0
8478042,115084172590,1026,55411,13,15,127,27.0,4,4,26,11,19,15.0,24.0,0,0,24.0,-4,44975,1993,8443
8478043,100951026579,250,28862,7,6,56,95.0,0,0,23,117,236,17.0,12.0,0,0,17.0,5,26944,1841,77
8478046,135274375630,564,58169,16,10,109,35.0,3,3,10,5,13,19.0,30.0,0,0,34.0,-2,48952,475,8742
8478056,10095102133,60,2295,1,0,4,5.0,0,0,4,13,34,1.0,1.0,0,0,0.0,-2,2234,35,26
8478058,2019020203,52,386,0,0,0,1.0,0,0,0,1,4,0.0,0.0,0,0,0.0,-1,386,0,0
8478067,60570607388,120,31695,7,11,72,31.0,3,1,4,13,32,15.0,13.0,0,0,16.0,4,24999,2646,4050
8478073,8076082222,84,2827,1,0,1,5.0,0,0,0,0,0,0.0,0.0,0,0,5.0,1,2737,90,0
8478074,16152167120,40,2745,0,1,5,13.0,0,0,4,0,1,1.0,0.0,0,0,5.0,-1,2729,16,0
8478075,117103192908,348,44999,10,9,66,43.0,1,0,10,2,6,21.0,14.0,0,0,21.0,5,42069,1765,1165
8478099,141331437534,1960,67494,19,14,176,46.0,3,6,38,2,12,33.0,33.0,0,0,24.0,-33,57200,154,10140
8478104,80760821697,760,30186,7,6,56,155.0,0,0,20,0,0,12.0,18.0,0,0,15.0,-2,28352,0,1834
8478106,18171185542,144,5345,2,1,10,0.0,0,0,0,0,3,2.0,0.0,0,0,2.0,1,5345,0,0
8478109,109027105213,378,59563,22,20,127,10.0,11,6,6,1,2,12.0,26.0,0,0,16.0,-1,48384,416,10763
8478115,96912993688,480,34369,7,8,72,29.0,0,0,6,41,105,15.0,23.0,1,1,10.0,4,30611,3742,16
8478131,111046128274,1212,54609,17,7,144,13.0,0,2,14,6,29,41.0,30.0,1,0,17.0,-7,46729,2153,5727
8478133,26247272338,104,8075,1,2,14,16.0,0,0,0,29,56,5.0,3.0,0,0,5.0,1,7252,441,382
8478136,20190207507,280,6460,2,0,9,18.0,0,0,9,0,0,1.0,1.0,0,0,5.0,-2,6005,455,0
8478146,72684747314,576,21196,4,2,35,38.0,0,0,6,1,4,15.0,9.0,0,0,9.0,-1,20296,754,146
8478176,12114121490,102,6579,2,0,6,14.0,0,0,2,0,0,2.0,3.0,0,0,13.0,-5,5733,552,294
8478211,42399424106,273,13221,4,0,33,37.0,0,0,24,0,0,4.0,4.0,0,0,7.0,0,13125,0,96
8478233,137293396314,1360,55900,15,17,109,73.0,0,1,18,12,43,38.0,29.0,0,0,25.0,4,53736,58,2106
8478366,139312417630,897,62170,18,16,162,102.0,2,0,30,12,40,32.0,18.0,2,0,43.0,-8,50947,5196,6027
8478367,20190202602,20,5322,1,1,10,21.0,0,0,6,21,50,4.0,4.0,0,0,1.0,-2,4993,329,0
8478396,141331436564,1400,88968,17,5,132,82.0,1,4,12,0,0,38.0,63.0,0,0,89.0,-12,76535,6980,5453
8478397,141331436564,1400,83814,17,5,124,51.0,0,4,57,0,0,19.0,39.0,0,0,83.0,-7,74570,2999,6245
8478398,143350458511,3692,89833,35,38,239,18.0,9,8,34,2,13,43.0,39.0,1,1,17.0,4,71336,4446,14051
8478399,129217311489,960,60399,7,2,49,51.0,0,0,43,0,0,13.0,32.0,0,0,105.0,11,48136,12226,37
8478400,123160255016,549,57487,16,7,83,47.0,1,3,39,275,580,23.0,29.0,0,0,30.0,-12,49445,82,7960
8478401,131236336816,65,63443,24,8,97,62.0,3,5,14,283,654,35.0,31.0,2,2,19.0,-12,49117,7926,6400
8478402,129217311721,1408,83964,63,34,212,37.0,11,32,28,320,670,53.0,75.0,0,0,18.0,-6,68636,401,14927
8478403,137293396151,476,90172,42,36,227,40.0,11,16,34,614,1311,44.0,66.0,1,0,42.0,5,73210,1133,15829
8478407,143350458359,1349,69310,14,9,138,50.0,4,6,27,0,0,13.0,31.0,0,0,47.0,15,62690,237,6383
8478408,113065155152,560,58157,7,4,65,76.0,0,0,37,0,0,23.0,44.0,0,0,58.0,14,54131,3865,161
8478409,2019020164,18,250,0,0,2,0.0,0,0,0,0,0,0.0,0.0,0,0,0.0,-1,250,0,0
8478413,135274377009,2010,56929,20,8,93,95.0,0,3,54,15,27,41.0,30.0,0,0,44.0,2,52164,3538,1227
8478414,141331437534,1960,72588,27,22,199,155.0,2,7,42,12,37,39.0,31.0,0,0,38.0,-22,60818,2917,8853
8478416,135274378334,938,76180,7,5,125,172.0,0,0,59,0,0,18.0,28.0,0,0,97.0,11,63812,11842,526
8478420,84798862442,882,47753,22,19,107,28.0,8,6,14,44,75,34.0,16.0,0,0,23.0,-2,38897,35,8821
8478424,58551603582,1508,18481,5,2,29,8.0,0,0,5,0,5,7.0,7.0,0,0,10.0,-2,18359,0,122
8478425,60570616069,720,30738,4,4,39,21.0,0,0,10,0,0,6.0,25.0,0,0,43.0,-2,29180,1382,176
8478427,137293396227,816,79249,28,38,206,55.0,8,9,26,409,889,71.0,58.0,4,1,20.0,10,60264,7364,11621
8478430,96912983378,960,39475,5,2,37,36.0,0,0,16,0,0,8.0,29.0,0,0,34.0,-6,39276,107,92
8478431,8076080610,68,1998,0,0,7,5.0,0,0,2,0,0,0.0,3.0,0,0,1.0,-1,1823,0,175
8478432,113065146719,2968,37030,3,6,83,140.0,0,0,16,3,11,6.0,10.0,0,0,22.0,2,36704,8,318
8478434,2019020701,54,726,0,0,1,2.0,0,0,0,1,1,0.0,0.0,0,0,0.0,0,726,0,0
8478436,12114123274,24,3520,0,1,5,4.0,0,0,0,1,1,2.0,1.0,0,0,1.0,1,3467,39,14
8478439,133255355994,264,66543,37,24,141,63.0,5,18,28,24,49,29.0,47.0,0,0,30.0,-1,55099,73,11371
8478440,117103191048,928,55471,26,12,97,23.0,2,6,16,277,581,30.0,26.0,0,0,29.0,1,46321,88,9062
8478443,135274374573,402,82319,15,4,111,126.0,0,0,33,0,0,31.0,32.0,0,0,76.0,16,69609,12502,208
8478444,115084165425,1311,63516,29,16,169,28.0,5,9,14,11,30,20.0,22.0,0,0,14.0,5,49341,76,14099
8478445,137293397506,136,81775,41,19,171,22.0,4,8,44,228,548,70.0,103.0,0,0,43.0,5,70988,36,10751
8478447,8076083677,4,2727,1,1,8,9.0,0,0,2,0,0,2.0,2.0,0,0,2.0,0,2580,0,147
8478449,121141232995,1500,53096,14,19,120,73.0,3,11,16,172,345,23.0,34.0,2,0,28.0,3,44820,1204,7072
8478451,143350458227,1562,93582,16,5,99,59.0,1,1,33,0,0,44.0,84.0,0,0,106.0,-4,82510,7937,3135
8478452,86817890045,946,36456,5,4,38,33.0,0,1,10,0,0,8.0,26.0,0,0,46.0,-1,36101,114,241
8478455,131236336421,1690,45797,5,6,124,145.0,0,0,39,3,9,20.0,21.0,0,0,19.0,-5,45360,159,278
8478458,143350458511,3692,63470,17,12,117,58.0,1,1,12,70,148,24.0,38.0,0,0,21.0,4,57884,2,5584
8478460,127198294744,1827,90665,21,20,187,36.0,5,8,10,0,0,32.0,47.0,1,0,58.0,9,72864,7487,10314
8478462,56532579932,1512,19201,5,5,42,39.0,1,0,8,93,193,10.0,6.0,0,0,7.0,3,18128,910,163
8478463,137293397506,136,70421,21,18,132,86.0,3,4,15,9,13,29.0,51.0,1,0,36.0,-11,60542,2630,7249
8478466,16152165472,192,6768,1,1,17,4.0,1,0,0,0,0,1.0,0.0,0,0,3.0,-2,5965,0,803
8478468,38361397209,114,17582,1,1,20,32.0,0,0,29,0,0,3.0,6.0,0,0,23.0,5,15555,2022,5
8478469,143350459353,639,110776,33,6,186,79.0,0,11,42,0,0,42.0,87.0,0,0,85.0,-18,95861,1038,13877
8478472,74703752708,518,25578,3,4,35,47.0,0,0,16,4,14,17.0,12.0,0,1,10.0,-2,23674,1718,186
8478474,133255355779,3498,53783,10,15,109,201.0,0,0,33,24,47,28.0,22.0,1,0,29.0,0,48076,5606,101
8478476,18171182543,477,7972,0,1,10,14.0,0,0,2,0,0,1.0,4.0,0,0,10.0,-1,7447,444,81
8478477,76722788393,532,24590,3,3,43,36.0,0,0,10,187,356,6.0,4.0,0,0,9.0,-9,22014,2430,146
8478483,119122213218,590,76301,51,16,154,24.0,6,18,16,7,26,64.0,71.0,0,1,37.0,6,57111,7784,11406
8478485,8076081011,24,2023,2,0,1,2.0,0,0,0,1,1,1.0,1.0,0,0,1.0,1,2023,0,0
8478488,62589635457,279,16312,3,3,27,71.0,0,0,10,12,31,8.0,6.0,0,0,11.0,-7,16116,34,162
8478491,121141233631,1440,58096,9,2,58,34.0,0,0,12,0,0,6.0,31.0,0,0,57.0,-9,54229,3681,186
8478493,125179274762,1860,58468,21,8,102,93.0,1,0,22,367,795,19.0,18.0,0,1,43.0,7,50781,7411,276
8478495,129217316003,1600,49865,9,20,132,63.0,7,5,13,0,0,26.0,25.0,0,0,18.0,5,42586,8,7271
8478498,131236336159,390,62598,16,19,161,35.0,7,3,14,9,26,26.0,21.0,0,0,15.0,-1,52586,27,9985
8478500,139312417505,276,102849,23,13,150,84.0,7,9,24,0,0,16.0,67.0,0,1,111.0,11,78874,11370,12605
8478502,42399430776,336,19789,2,1,12,74.0,0,0,38,0,0,2.0,4.0,0,0,33.0,-8,18122,1549,118
8478506,12114123551,174,3916,0,0,3,5.0,0,0,2,0,0,0.0,3.0,0,0,0.0,-1,3694,165,57
8478507,113065147152,280,68015,20,6,61,72.0,1,3,20,0,0,37.0,42.0,0,0,77.0,17,58676,6814,2525
8478508,42399434977,378,12266,4,2,25,46.0,0,0,9,3,4,7.0,3.0,0,0,9.0,1,12239,0,27
8478512,16152160824,160,4890,1,2,9,1.0,1,0,0,2,6,6.0,2.0,0,0,2.0,1,4305,0,585
8478519,137293398237,952,75321,28,16,113,89.0,1,4,30,434,914,53.0,24.0,1,1,47.0,28,59941,11486,3894
8478542,90855926826,301,30473,4,6,75,24.0,1,0,14,120,257,14.0,13.0,0,0,15.0,-8,27177,2032,1264
8478550,139312418986,207,85300,63,32,209,25.0,7,17,20,1,2,56.0,82.0,0,0,18.0,36,69763,83,15454
8478567,66627672735,957,31627,4,1,51,24.0,1,0,12,0,0,7.0,14.0,0,0,28.0,-9,29861,1,1765
8478569,133255356877,858,63227,7,20,108,121.0,0,0,21,381,794,32.0,21.0,1,0,103.0,2,52850,10050,327
8478585,137293394746,1360,59354,19,10,102,12.0,1,3,10,383,732,34.0,26.0,1,1,34.0,9,49173,6804,3377
8478831,64608665040,928,26845,4,6,57,19.0,3,2,8,52,129,6.0,9.0,0,0,22.0,2,23091,38,3716
8478833,44418448048,198,11389,1,0,18,51.0,0,0,7,62,118,1.0,2.0,0,0,11.0,-4,10946,378,65
8478838,14133145722,56,3369,0,1,7,8.0,0,0,0,1,5,2.0,2.0,0,0,3.0,0,3356,0,13
8478839,18171187263,117,6614,2,2,15,1.0,0,1,0,6,17,6.0,3.0,0,0,3.0,2,6445,0,169
8478841,12114125426,6,5035,0,0,2,3.0,0,0,4,0,0,2.0,6.0,0,0,4.0,-2,4727,308,0
8478843,88836901275,548,31655,8,4,50,35.0,1,0,14,65,163,26.0,17.0,0,1,16.0,-9,28769,522,2364
8478844,40380409021,80,12516,2,1,15,4.0,0,0,6,78,140,5.0,4.0,0,0,3.0,-5,11733,709,74
8478846,6057063217,27,3183,0,0,4,0.0,0,0,0,0,0,0.0,2.0,0,0,4.0,1,2950,13,220
8478851,6057062084,54,1940,0,0,4,3.0,0,0,2,0,0,0.0,0.0,0,0,0.0,2,1940,0,0
8478856,137293395372,3604,57744,17,22,158,26.0,4,6,20,4,11,30.0,27.0,0,0,20.0,1,49160,27,8557
8478857,88836902046,475,22523,5,4,37,93.0,0,0,16,0,0,5.0,7.0,0,0,11.0,1,22298,73,152
8478859,10095103490,95,4309,1,0,10,5.0,0,0,0,0,0,0.0,1.0,0,0,3.0,3,4037,272,0
8478866,129217312213,320,55324,15,7,102,57.0,0,1,12,15,42,41.0,31.0,0,0,20.0,-9,52596,883,1845
8478868,26247270458,117,8202,3,0,5,14.0,0,0,6,0,0,1.0,5.0,0,1,12.0,-2,7560,642,0
8478870,30285313030,135,10925,2,1,23,19.0,0,0,0,0,2,7.0,5.0,0,0,7.0,-2,9405,0,1520
8478873,94893960458,1128,40942,11,4,73,3.0,0,2,6,3,8,31.0,19.0,0,0,9.0,-5,35871,23,5048
8478874,119122215733,1357,43838,21,12,75,29.0,4,8,37,187,454,23.0,15.0,0,0,20.0,-7,38480,13,5345
8478881,4038040729,2,1192,0,0,1,2.0,0,0,0,0,2,1.0,3.0,0,0,0.0,-1,1192,0,0
8478882,139312418040,2001,78574,13,5,81,79.0,0,0,18,0,0,16.0,33.0,0,0,92.0,1,72198,6133,243
8478888,2019020220,6,593,0,0,0,1.0,0,0,0,0,0,0.0,0.0,0,0,2.0,-1,558,35,0
8478891,92874950289,2392,30808,3,5,55,20.0,0,0,20,5,13,11.0,10.0,1,0,12.0,-9,27922,2575,311
8478906,74703764035,1073,35345,6,3,47,35.0,0,1,4,0,0,6.0,13.0,0,0,33.0,2,34586,73,686
8478911,141331437704,1820,76114,14,4,112,132.0,0,1,10,0,0,7.0,43.0,0,0,100.0,16,70011,5932,171
8478915,34323352570,884,16482,5,0,27,16.0,0,0,12,0,0,2.0,11.0,0,0,19.0,-2,15939,11,532
8478949,6057060698,87,1195,0,0,6,10.0,0,0,2,0,1,2.0,0.0,0,0,1.0,0,1195,0,0
8478975,8076082851,40,1940,1,0,3,3.0,0,0,0,1,1,1.0,1.0,0,0,0.0,0,1898,0,42
8478996,14133144630,70,3298,3,0,2,0.0,0,0,0,5,10,2.0,1.0,0,0,1.0,1,3138,118,42
8479026,100951031733,200,51321,12,4,78,80.0,0,0,30,0,0,21.0,32.0,0,0,44.0,17,49861,1032,428
8479291,98932010243,49,34488,5,4,59,64.0,0,0,20,175,372,17.0,13.0,2,1,32.0,8,28243,6171,74
8479293,137293396427,340,60221,14,11,95,244.0,0,1,16,6,15,33.0,37.0,2,1,65.0,-1,50892,8950,379
8479314,139312416084,1380,75799,38,23,188,122.0,5,14,74,0,4,40.0,86.0,0,0,22.0,-5,64048,15,11736
8479315,36342377039,18,14274,2,4,21,16.0,0,0,2,3,6,4.0,7.0,0,0,6.0,1,12078,2123,73
8479316,127198292127,1890,58460,16,15,128,64.0,0,2,55,210,472,9.0,15.0,1,0,54.0,-10,50213,5236,3011
8479318,141331437003,700,88072,33,47,290,40.0,12,13,8,506,920,78.0,48.0,0,0,60.0,19,74499,149,13424
8479320,12114122785,54,2814,0,0,3,2.0,0,0,0,0,0,0.0,0.0,0,0,3.0,0,2775,0,39
8479323,141331439748,210,79398,34,8,125,35.0,1,12,32,0,0,57.0,61.0,0,0,92.0,22,70528,544,8326
8479324,121141238636,180,59640,13,1,47,94.0,0,0,47,0,0,28.0,25.0,0,0,70.0,16,51765,7772,103
8479325,135274375742,402,93116,27,5,101,131.0,1,1,41,0,0,37.0,68.0,0,1,131.0,24,80387,7309,5420
8479328,34323353658,96,8446,3,0,10,15.0,0,0,8,1,3,3.0,7.0,0,0,7.0,1,8369,3,74
8479333,56532567224,84,26854,5,0,23,24.0,0,0,12,0,0,8.0,17.0,0,0,44.0,-4,25171,1522,161
8479335,58551594611,203,18851,2,1,36,20.0,0,0,6,49,114,5.0,7.0,0,1,7.0,-4,15708,3087,56
8479336,26247265638,338,9956,4,0,16,29.0,0,0,8,0,0,0.0,4.0,0,0,4.0,2,9615,0,341
8479337,141331438626,1120,73474,27,18,207,58.0,10,6,15,7,20,41.0,37.0,0,0,19.0,-10,58821,54,14599
8479339,137293397112,3536,79193,35,28,226,97.0,8,8,22,10,27,41.0,57.0,0,0,35.0,8,66019,10,13164
8479343,141331436985,3710,68440,27,17,184,20.0,2,13,28,8,21,34.0,32.0,0,0,13.0,-6,57029,83,11328
8479345,127198289960,3339,84803,14,12,149,75.0,5,3,38,0,0,27.0,52.0,0,0,95.0,4,70814,5687,8302
8479346,90855931277,900,34273,10,6,60,59.0,1,1,6,0,2,17.0,16.0,0,0,13.0,0,32381,428,1464
8479347,14133146335,154,4359,1,0,5,3.0,0,0,0,1,1,2.0,3.0,0,0,1.0,-1,4188,0,171
8479348,8076082428,104,3494,0,0,2,1.0,0,0,2,0,0,0.0,1.0,0,0,4.0,-3,3441,0,53
8479351,131236337230,1560,60624,16,6,85,24.0,1,7,20,369,734,25.0,37.0,0,0,25.0,-13,52573,1275,6776
8479353,141331439748,210,55199,10,9,64,69.0,1,1,28,251,521,25.0,25.0,0,2,67.0,-11,45543,8439,1217
8479356,16152167056,16,5112,1,2,11,12.0,0,0,2,0,0,2.0,5.0,0,0,4.0,3,5107,0,5
8479358,30285302921,60,9609,0,1,14,40.0,0,0,4,0,2,6.0,0.0,0,0,8.0,-2,9348,230,31
8479359,6057061063,45,1669,0,0,4,5.0,0,0,0,0,0,1.0,0.0,0,0,1.0,-1,1383,286,0
8479364,4038040679,6,1006,1,0,3,5.0,0,0,0,0,2,0.0,0.0,0,0,1.0,1,935,54,17
8479365,4038040597,12,771,0,0,1,8.0,0,0,0,0,0,0.0,0.0,0,0,0.0,-1,771,0,0
8479366,46437468919,207,16225,7,1,23,13.0,1,2,4,55,134,10.0,16.0,0,0,11.0,0,13496,69,2660
8479368,119122213966,1416,50505,4,8,102,82.0,0,1,36,11,27,19.0,32.0,1,0,18.0,-6,46231,2535,1739
8479369,44418457722,638,18290,2,1,23,25.0,0,0,4,0,0,3.0,8.0,0,0,21.0,1,17969,321,0
8479370,135274377939,1407,51324,15,8,115,58.0,1,4,22,85,255,17.0,12.0,0,0,18.0,11,43409,1106,6809
8479371,129217314732,1152,73057,6,5,92,54.0,1,0,38,0,0,23.0,39.0,0,0,85.0,-7,69775,1909,1373
8479372,22209223554,264,10710,3,1,11,2.0,0,0,2,0,0,2.0,5.0,0,0,11.0,-3,9614,51,1045
8479376,102970043842,408,48936,7,4,57,20.0,0,1,20,0,0,8.0,35.0,0,0,60.0,5,46836,1900,200
8479379,42399433055,357,12200,1,2,22,42.0,0,0,9,0,0,2.0,6.0,0,0,3.0,-2,10518,0,1682
8479381,24228241892,300,7175,1,1,13,17.0,0,0,4,1,2,1.0,2.0,0,0,3.0,2,7053,113,9
8479382,42399434301,84,11695,1,1,18,29.0,0,0,2,36,96,1.0,4.0,0,0,2.0,7,11617,38,40
8479385,56532581189,532,18302,5,4,39,8.0,0,1,8,2,5,13.0,6.0,0,0,8.0,1,17730,0,572
8479388,68646705865,442,39002,5,0,39,59.0,0,0,14,0,0,13.0,28.0,0,0,57.0,-3,34070,4842,90
8479393,56532575648,784,16899,2,3,33,50.0,1,1,8,6,19,6.0,7.0,0,0,6.0,-5,16311,0,588
8479395,72684733154,612,41518,6,2,51,15.0,1,4,6,0,0,4.0,21.0,0,0,35.0,-26,35282,485,5751
8479398,141331438918,1470,89515,30,4,96,46.0,1,12,17,0,0,38.0,39.0,0,0,92.0,1,79004,398,10113
8479400,141331438055,2030,75314,31,18,158,85.0,1,9,49,359,805,27.0,46.0,0,0,50.0,-2,63665,428,11221
8479404,8076080142,52,2972,0,0,3,1.0,0,0,2,13,27,3.0,1.0,0,0,0.0,-2,2564,45,363
8479407,121141233893,60,50338,16,16,101,29.0,1,5,6,3,13,18.0,24.0,0,0,22.0,-6,42977,114,7247
8479410,141331439300,980,85543,24,10,118,106.0,5,8,58,0,0,18.0,39.0,1,0,99.0,15,72790,4878,7875
8479411,4038040113,18,694,0,1,3,0.0,0,0,2,0,0,0.0,1.0,0,0,0.0,0,694,0,0
8479415,24228249938,12,7365,2,0,11,19.0,0,0,4,40,80,4.0,0.0,0,0,6.0,4,7251,102,12
8479420,2019020314,7,419,0,0,0,2.0,0,0,0,0,0,1.0,0.0,0,0,0.0,0,419,0,0
8479423,131236335783,1040,47327,16,10,94,29.0,0,2,10,5,19,25.0,23.0,0,0,14.0,-2,42783,0,4544
8479424,8076081394,16,1633,0,0,1,4.0,0,0,0,6,14,1.0,1.0,0,0,4.0,-1,1633,0,0
8479425,131236333605,1105,93194,22,9,125,105.0,1,9,46,0,0,18.0,76.0,0,0,74.0,-38,70667,11300,11227
8479442,139312417081,1587,63539,12,5,86,69.0,0,0,32,0,0,16.0,25.0,0,0,70.0,10,60947,2268,324
8479458,117103191743,522,77092,11,1,64,108.0,0,0,22,0,0,20.0,44.0,0,0,121.0,-8,66187,10429,476
8479465,80760824273,640,28357,6,9,56,81.0,1,0,32,4,14,19.0,5.0,0,1,16.0,-3,26524,1445,388
8479466,90855921636,990,30681,5,0,58,64.0,0,0,12,2,4,9.0,13.0,0,0,25.0,-11,28598,1918,165
8479482,117103193578,870,64848,15,3,73,42.0,0,0,22,0,0,13.0,35.0,0,0,72.0,19,59133,5504,211
8479510,2019020913,10,608,0,1,1,1.0,0,0,0,0,0,1.0,0.0,0,0,0.0,1,608,0,0
8479511,2019021072,1,724,0,0,0,3.0,0,0,0,0,0,0.0,1.0,0,0,0.0,0,711,0,13
8479523,12114126093,96,5090,1,0,3,11.0,0,0,0,0,0,1.0,0.0,0,0,6.0,3,4891,104,95
8479526,24228247773,24,5696,0,0,4,12.0,0,0,2,24,65,2.0,3.0,0,0,4.0,0,5624,72,0
8479542,2019021079,16,708,0,0,4,1.0,0,0,0,0,0,1.0,0.0,0,0,1.0,0,708,0,0
8479557,6057062899,87,1486,0,0,1,5.0,0,0,0,2,2,0.0,0.0,0,0,0.0,0,1486,0,0
8479571,6057061766,84,2299,0,0,3,3.0,0,0,2,0,0,2.0,0.0,0,0,4.0,-2,2256,0,43
8479580,100951026793,1400,35853,6,5,43,40.0,0,1,17,170,370,11.0,17.0,0,0,29.0,-8,30988,2857,2008
8479587,16152160687,200,4865,0,0,8,8.0,0,0,2,25,53,1.0,3.0,0,0,2.0,0,4180,671,14
8479644,36342369214,468,11202,4,1,25,16.0,0,0,2,0,3,4.0,4.0,0,0,5.0,-5,11070,0,132
8479671,16152163016,144,3622,1,0,6,17.0,0,0,4,0,0,0.0,3.0,0,0,1.0,1,3622,0,0
8479675,84798862058,660,32503,4,6,60,60.0,0,0,6,4,14,21.0,20.0,0,1,17.0,-4,27469,3269,1765
8479734,10095102529,150,4197,0,0,4,2.0,0,0,2,0,0,2.0,0.0,0,0,4.0,1,3866,1,330
8479748,6057062919,162,1748,1,0,2,2.0,0,0,0,8,17,0.0,0.0,0,0,0.0,-1,1748,0,0
8479772,34323351916,391,9809,1,5,17,41.0,0,0,20,1,2,4.0,8.0,0,0,5.0,6,9743,0,66
8479933,26247267352,390,9008,0,2,16,11.0,0,0,2,3,6,4.0,2.0,0,0,6.0,4,7996,10,1002
8479944,115084165459,285,49343,7,6,98,136.0,0,0,28,7,23,20.0,21.0,1,0,30.0,6,42101,5443,1799
8479977,54513562975,594,28164,15,11,44,45.0,2,0,12,1,1,19.0,10.0,0,0,13.0,17,26645,93,1426
8479980,76722775121,2052,36670,10,1,54,69.0,1,3,32,0,0,13.0,10.0,0,0,26.0,1,34529,57,2084
8479982,4038040037,42,1249,0,0,1,0.0,0,0,0,0,0,1.0,0.0,0,0,0.0,2,1172,73,4
8479983,123160251833,1708,58148,9,2,63,120.0,0,0,30,0,0,15.0,20.0,0,1,58.0,-15,54249,2770,1129
8479985,82779836504,328,35305,0,1,45,102.0,0,0,6,0,0,5.0,31.0,0,0,45.0,-4,33376,1900,29
8479987,4038042133,24,1414,1,3,4,1.0,0,0,2,12,22,1.0,0.0,0,0,4.0,3,1120,82,212
8479994,8076082892,104,2462,0,0,2,3.0,0,0,0,5,13,0.0,2.0,0,0,0.0,-1,2413,0,49
8479996,78741792349,2106,31249,7,5,51,15.0,1,5,6,60,143,18.0,17.0,0,0,6.0,-6,25978,61,5210
8479998,12114126261,156,6532,0,1,9,10.0,0,0,0,0,0,0.0,2.0,0,0,10.0,4,6012,520,0
8479999,62589627342,217,23734,5,4,34,11.0,1,1,2,86,185,6.0,9.0,0,0,8.0,-5,20414,10,3310
8480001,10095101522,30,5056,0,0,2,8.0,0,0,0,0,0,1.0,3.0,0,0,3.0,2,4589,361,106
8480002,117103191434,58,62852,22,14,123,48.0,2,8,12,507,980,42.0,28.0,1,1,37.0,-16,50295,3201,9356
8480003,70665717156,35,22994,0,4,41,37.0,1,0,8,5,16,13.0,11.0,0,0,16.0,-11,21290,22,1682
8480011,8076081329,76,2049,0,1,5,6.0,0,0,0,0,0,0.0,1.0,0,0,0.0,1,2049,0,0
8480012,137293396246,1564,75607,39,27,162,63.0,8,15,18,59,141,36.0,33.0,0,0,42.0,17,59660,126,15821
8480014,20190210108,260,7710,4,3,19,1.0,1,1,4,49,92,1.0,0.0,0,0,4.0,0,6844,5,861
8480018,143350458513,568,68116,28,13,138,64.0,6,8,6,305,659,31.0,37.0,0,0,32.0,-15,57602,1263,9251
8480021,4038040765,12,1455,1,0,3,2.0,0,0,2,9,15,0.0,3.0,0,0,0.0,2,1331,0,124
8480023,133255358104,1254,57672,32,10,87,13.0,1,6,18,136,317,46.0,30.0,0,0,13.0,8,51973,52,5647
8480027,6057062691,75,2218,1,0,4,1.0,0,1,0,0,0,1.0,0.0,0,0,0.0,0,1999,0,219
8480028,40380409895,80,16420,5,2,31,4.0,0,0,4,44,93,10.0,6.0,1,0,4.0,-3,13684,19,2717
8480031,58551591410,696,24314,6,5,32,61.0,2,1,24,3,16,5.0,19.0,0,0,8.0,-4,20276,159,3879
8480035,139312416691,483,71278,11,4,78,74.0,1,1,32,0,0,7.0,30.0,0,0,63.0,-6,65987,4514,777
8480036,137293395855,1700,96968,27,8,163,40.0,0,7,12,0,0,42.0,79.0,0,0,84.0,14,79175,8456,9337
8480039,129217314495,768,54401,20,16,88,65.0,5,4,20,13,48,23.0,36.0,0,0,19.0,-6,47370,106,6925
8480043,22209230019,110,6794,1,0,2,8.0,0,0,2,0,0,0.0,6.0,0,0,10.0,-5,6446,348,0
8480064,6057062945,27,3225,0,0,9,3.0,0,0,0,30,49,1.0,0.0,0,0,2.0,2,2721,0,504
8480068,54513556079,216,16753,1,1,26,38.0,0,0,4,3,15,7.0,8.0,0,0,10.0,-4,15383,970,400
8480069,115084169488,1197,71856,38,12,121,45.0,4,15,12,0,0,34.0,40.0,0,0,47.0,12,58767,351,12738
8480072,34323342855,51,9735,1,0,13,20.0,0,0,4,41,88,8.0,4.0,0,0,8.0,-8,7640,2040,55
8480073,62589629302,279,27607,4,0,38,15.0,0,1,16,0,0,5.0,20.0,0,0,36.0,-9,24515,331,2761
8480074,72684731939,1044,27536,7,6,49,20.0,0,1,10,23,63,16.0,12.0,0,0,7.0,3,26254,79,1203
8480078,121141237790,180,53427,9,14,114,13.0,1,2,10,198,515,33.0,33.0,0,0,31.0,-7,48718,99,4610
8480113,141331437704,1820,79496,26,17,142,49.0,6,3,14,11,23,18.0,11.0,0,0,47.0,1,63008,6083,10405
8480144,141331438626,1120,57401,8,8,90,52.0,0,0,8,313,598,37.0,17.0,1,0,26.0,-11,48129,9099,173
8480145,143350458511,3692,99582,39,6,177,165.0,3,22,32,0,0,31.0,62.0,0,0,78.0,10,83292,3827,12463
8480147,72684746254,828,34376,5,1,45,67.0,0,1,6,0,0,7.0,11.0,0,0,62.0,-10,31582,2723,71
8480157,24228247673,208,9775,3,0,14,3.0,0,0,4,0,0,2.0,8.0,0,0,7.0,0,9325,21,429
8480160,96912992269,1344,49478,7,2,40,91.0,0,0,14,0,0,20.0,36.0,0,0,60.0,-13,44501,4863,114
8480172,66627678307,462,30773,6,1,43,19.0,0,0,14,0,0,2.0,8.0,0,0,21.0,6,27454,3237,82
8480184,32304335076,272,15877,1,0,9,19.0,0,1,14,0,0,3.0,7.0,0,0,15.0,-6,13886,1297,694
8480185,16152162528,96,4791,1,0,9,9.0,0,0,0,33,63,2.0,1.0,0,0,2.0,-2,4783,0,8
8480186,18171184627,126,5541,1,0,7,10.0,0,0,6,1,4,4.0,2.0,0,0,2.0,-6,5541,0,0
8480205,113065150365,1624,41223,10,10,97,52.0,5,3,8,4,13,10.0,16.0,0,0,17.0,-10,36685,5,4533
8480208,46437476919,207,21477,7,3,32,51.0,1,5,13,4,7,5.0,5.0,0,0,11.0,-12,18388,18,3071
8480247,12114122405,54,1988,1,0,3,5.0,0,0,0,0,0,0.0,0.0,0,0,1.0,0,1988,0,0
8480314,8076081379,36,2020,0,0,3,2.0,0,0,0,0,0,0.0,1.0,0,0,2.0,-2,1971,0,49
8480326,10095104411,105,2059,0,0,2,16.0,0,0,0,4,6,0.0,1.0,0,0,2.0,-2,2059,0,0
8480336,141331437704,1820,79078,19,5,127,81.0,0,5,26,0,0,25.0,65.0,0,0,84.0,-12,70518,5122,3438
8480341,14133140649,35,2812,1,1,5,4.0,0,0,2,0,0,1.0,1.0,0,0,3.0,-1,2799,13,0
8480384,24228251105,336,7203,4,0,12,23.0,0,0,2,32,69,2.0,5.0,0,0,2.0,1,6951,67,185
8480727,32304335111,864,13741,1,0,9,10.0,0,0,4,0,0,8.0,1.0,0,0,16.0,3,12782,959,0
8480748,20190210079,240,7996,1,0,17,24.0,0,0,6,3,4,4.0,7.0,0,0,4.0,-1,7365,606,25
8480762,100951034505,1450,32852,5,7,69,79.0,0,0,12,4,11,13.0,11.0,0,0,15.0,10,32753,0,99
8480769,6057060164,75,1322,0,1,2,1.0,0,0,2,0,1,1.0,2.0,0,0,1.0,0,1093,25,204
8480780,28266282347,392,7895,0,0,12,16.0,0,0,8,1,4,4.0,4.0,0,0,2.0,-3,7858,0,37
8480789,18171181489,18,5556,0,0,9,10.0,0,0,4,0,3,1.0,5.0,0,0,4.0,-2,5046,0,510
8480796,12114122567,90,5751,1,0,7,14.0,0,0,6,0,0,2.0,2.0,0,0,2.0,-2,5449,285,17
8480797,104989068172,208,44009,13,8,81,31.0,1,1,39,3,10,20.0,26.0,0,0,18.0,6,38950,832,4227
8480800,137293396865,1564,89289,45,8,126,7.0,3,22,22,0,0,35.0,60.0,0,0,46.0,-10,73547,188,15554
8480801,143350459353,639,80660,23,21,259,303.0,2,6,106,144,312,35.0,40.0,0,0,43.0,-14,67992,202,12466
8480806,30285307656,360,12519,4,0,10,5.0,0,1,0,65,139,4.0,2.0,0,0,8.0,-2,10866,227,1426
8480814,2019021079,16,1021,0,0,2,2.0,0,0,0,0,0,0.0,1.0,0,0,2.0,1,1021,0,0
8480821,56532576553,476,25491,7,8,60,11.0,4,3,2,1,1,12.0,17.0,0,0,10.0,-13,21221,20,4250
8480822,18171188948,189,5474,1,2,13,9.0,1,0,2,1,1,2.0,0.0,0,0,0.0,-1,5059,0,415
8480829,72684734345,288,28066,2,6,55,51.0,1,1,23,125,292,14.0,21.0,0,0,16.0,-11,24331,9,3726
8480830,137293396227,816,68291,37,24,183,116.0,6,14,54,0,1,29.0,66.0,0,0,27.0,9,56160,66,12065
8480839,119122211620,413,68306,36,4,90,72.0,2,17,38,0,0,16.0,43.0,0,0,51.0,-7,56072,344,11890
8480849,40380409369,1060,13371,3,1,27,14.0,0,0,14,23,61,8.0,4.0,0,0,3.0,2,13001,5,365
8480853,4038041743,58,1706,1,0,3,3.0,0,0,0,0,0,1.0,0.0,0,0,0.0,1,1706,0,0
8480865,68646702022,68,27085,6,1,37,25.0,0,1,8,0,0,8.0,24.0,0,0,31.0,-1,25141,117,1827
8480871,82779848008,656,39907,9,4,50,33.0,0,2,6,0,0,10.0,26.0,0,0,43.0,-3,34527,41,5339
8480873,56532579470,280,24049,7,1,22,33.0,0,2,10,0,0,2.0,15.0,0,0,22.0,-7,22357,449,1243
8480901,50475515137,150,18799,5,1,45,36.0,1,0,13,1,4,2.0,5.0,0,0,8.0,3,17662,999,138
8480913,4038041142,106,1941,1,0,3,0.0,0,0,0,0,0,1.0,2.0,0,0,1.0,2,1877,64,0
8480935,26247270402,91,12668,0,0,6,10.0,0,0,4,0,0,2.0,4.0,0,0,19.0,-4,11461,1168,39
8480940,26247262749,286,11944,2,0,17,6.0,0,0,2,0,0,2.0,8.0,0,0,10.0,-1,11692,34,218
8480944,80760821360,240,26987,3,3,35,23.0,0,0,4,132,288,14.0,13.0,0,0,26.0,6,22859,4118,10
8480945,72684741023,180,29993,6,1,38,74.0,0,2,6,0,0,8.0,16.0,0,0,24.0,3,27326,161,2506
8480946,113065146595,292,44633,19,12,87,5.0,1,1,8,29,60,18.0,9.0,0,0,22.0,8,41070,28,3535
8480950,102970050336,2703,43426,4,0,41,151.0,0,0,18,0,0,13.0,20.0,0,0,53.0,4,42908,451,67
8480965,40380414695,560,11626,6,1,18,27.0,0,0,4,51,93,6.0,4.0,0,0,5.0,4,11243,326,57
8481019,44418445935,1144,8108,0,1,4,5.0,0,0,0,33,63,0.0,1.0,0,0,6.0,-2,8037,60,11
8481105,10095102352,40,3088,0,0,2,13.0,0,0,0,0,0,1.0,5.0,0,0,1.0,0,3088,0,0
8481186,32304331909,336,8093,0,2,15,20.0,0,0,2,0,1,5.0,0.0,0,0,8.0,0,7731,278,84
8481433,52494526833,442,19585,5,2,21,13.0,0,5,6,0,5,6.0,20.0,0,0,16.0,-12,15628,74,3883
8481477,12114123396,180,4282,2,0,2,6.0,0,0,0,26,49,1.0,1.0,0,0,5.0,2,4102,179,1
8481481,131236334126,1690,54444,17,6,87,42.0,2,1,20,312,622,22.0,21.0,2,1,22.0,-4,46132,4314,3998
8481515,8076080105,112,3120,0,0,2,3.0,0,0,0,0,0,2.0,0.0,0,0,2.0,-1,2862,2,256
8481516,62589645310,868,21537,4,3,31,28.0,0,0,4,112,238,8.0,8.0,0,1,18.0,-1,19842,1633,62
8481523,129217318036,1024,54780,15,8,101,33.0,0,3,24,75,222,38.0,16.0,0,0,23.0,-1,48619,136,6025
8481554,133255358016,198,56544,13,10,109,20.0,2,11,14,2,6,35.0,21.0,0,0,11.0,-26,47649,74,8821
8481559,123160253602,61,58067,14,7,123,12.0,4,5,10,167,462,42.0,53.0,0,0,21.0,-26,46379,66,11622
8481572,16152160512,416,8670,4,1,10,3.0,0,1,4,0,0,3.0,15.0,0,0,5.0,3,8203,37,430
8481600,6057060117,78,2335,0,0,0,0.0,0,0,0,0,0,0.0,0.0,0,0,0.0,-4,2156,179,0
8481624,78741791110,390,36448,15,8,98,26.0,0,0,4,3,4,24.0,14.0,1,0,13.0,7,31762,4503,183
8481630,8076083701,80,2998,0,0,2,13.0,0,0,0,0,0,0.0,2.0,0,0,0.0,0,2998,0,0
8481637,8076081720,64,2177,0,0,2,5.0,0,0,4,0,0,1.0,0.0,0,0,1.0,1,2177,0,0
8481638,66627674492,726,21164,6,3,39,18.0,1,0,8,3,6,14.0,10.0,0,0,8.0,0,20157,23,984
8481640,24228244851,336,5953,1,0,11,29.0,0,0,4,0,2,3.0,0.0,0,0,5.0,-6,5885,47,21
8481641,22209228321,275,7026,0,1,13,17.0,0,0,4,0,0,5.0,3.0,0,0,3.0,-1,6949,67,10
8481642,4038041840,104,894,0,0,1,1.0,0,0,0,0,0,0.0,0.0,0,0,1.0,0,894,0,0
8481649,32304326013,832,6326,0,0,9,10.0,0,0,2,0,0,3.0,5.0,0,0,8.0,-3,6254,70,2
8481650,74703762074,1073,21968,3,2,23,18.0,0,0,2,2,4,9.0,8.0,0,0,25.0,5,21697,205,66
8481812,6057063201,84,1947,0,0,0,4.0,0,0,2,0,0,1.0,2.0,0,0,4.0,-1,1947,0,0
8481813,117103192135,1276,33749,5,5,54,58.0,0,1,6,172,408,22.0,22.0,0,0,28.0,-1,32287,265,1197
