weapon_name,source_url,Country of Origin,Type,Caliber,Capacity,Length,Barrel Length,Weight,Rate of Fire,Muzzle Velocity,Range,Ammunition Weight
Arisaka Type 38,https://ww2db.com/weapon.php?q=S25,Japan,Rifle,6.500 mm,5 rounds,1.280 m,800.000 mm,4.300 kg,30 rounds/min,765 m/s,,
Arisaka Type 44,https://ww2db.com/weapon.php?q=S237,Japan,Rifle,6.500 mm,5 rounds,966.000 mm,487.000 mm,3.300 kg,,685 m/s,,
Arisaka Type 99,https://ww2db.com/weapon.php?q=S26,Japan,Rifle,7.700 mm,5 rounds,1.120 m,657.000 mm,4.200 kg,,730 m/s,,
Austen,https://ww2db.com/weapon.php?q=S278,Australia,Submachine Gun,9.000 mm,30 rounds,552.000 mm,198.000 mm,3.980 kg,500 rounds/min,366 m/s,,
AVS-36,https://ww2db.com/weapon.php?q=S373,Russia,Rifle,7.620 mm,15 rounds,1.230 m,612.000 mm,4.300 kg,800 rounds/min,840 m/s,600.000 m,
Beretta M1918,https://ww2db.com/weapon.php?q=S17,Italy,Submachine Gun,9.000 mm,25 rounds,1.092 m,305.000 mm,3.300 kg,900 rounds/min,,,
Beretta M1934,https://ww2db.com/weapon.php?q=S14,Italy,Handgun,9.000 mm,7 rounds,150.000 mm,88.000 mm,0.660 kg,,229 m/s,,
Beretta M1935,https://ww2db.com/weapon.php?q=S372,Italy,Handgun,7.650 mm,8 rounds,150.000 mm,88.000 mm,,,282 m/s,,
Beretta M1938,https://ww2db.com/weapon.php?q=S18,Italy,Submachine Gun,9.000 mm,30 rounds,800.000 mm,315.000 mm,4.200 kg,600 rounds/min,429 m/s,,
Berthier,https://ww2db.com/weapon.php?q=S341,France,Rifle,7.500 mm,5 rounds,,,,,640 m/s,,
Blyskawica,https://ww2db.com/weapon.php?q=S206,Poland,Submachine Gun,9.000 mm,32 rounds,730.000 mm,197.000 mm,3.220 kg,600 rounds/min,400 m/s,200.000 m,
Bodeo M1889,https://ww2db.com/weapon.php?q=S273,Italy,Handgun,10.350 mm,6 rounds,232.000 mm,115.000 mm,0.950 kg,,255 m/s,,
Boys,https://ww2db.com/weapon.php?q=S43,United Kingdom,Anti-Tank Rifle,13.900 mm,5 rounds,1.575 m,910.000 mm,16.300 kg,10 rounds/min,747 m/s,90.000 m,
Breda Model 30,https://ww2db.com/weapon.php?q=S20,Italy,Machine Gun,6.500 mm,20 rounds,1.230 m,450.000 mm,10.200 kg,475 rounds/min,630 m/s,800.000 m,
Breda Model 37,https://ww2db.com/weapon.php?q=S21,Italy,Machine Gun,8.000 mm,20 rounds,1.270 m,,19.500 kg,450 rounds/min,900 m/s,500.000 m,
Bren,https://ww2db.com/weapon.php?q=S40,United Kingdom,Machine Gun,7.700 mm,30 rounds,1.156 m,635.000 mm,10.200 kg,500 rounds/min,744 m/s,550.000 m,
Browning Automatic Rifle M1918 'BAR',https://ww2db.com/weapon.php?q=S52,United States,Machine Gun,7.620 mm,20 rounds,1.214 m,610.000 mm,9.980 kg,550 rounds/min,805 m/s,548.000 m,
Browning Hi-Power,https://ww2db.com/weapon.php?q=S34,Belgium,Handgun,9.000 mm,13 rounds,197.000 mm,118.000 mm,0.992 kg,,350 m/s,50.000 m,
Browning M1917,https://ww2db.com/weapon.php?q=S53,United States,Machine Gun,7.620 mm,250 rounds,,609.000 mm,15.000 kg,500 rounds/min,,,
Browning M1919,https://ww2db.com/weapon.php?q=S54,United States,Machine Gun,7.620 mm,250 rounds,1.219 m,609.000 mm,14.000 kg,500 rounds/min,,1.370 km,
Browning M2,https://ww2db.com/weapon.php?q=S55,United States,Machine Gun,12.700 mm,110 rounds,1.650 m,1.143 m,38.200 kg,500 rounds/min,930 m/s,,
Carcano M1891,https://ww2db.com/weapon.php?q=S15,Italy,Rifle,6.500 mm,6 rounds,1.295 m,780.000 mm,3.800 kg,,700 m/s,600.000 m,
Carcano M1938,https://ww2db.com/weapon.php?q=S16,Italy,Rifle,7.350 mm,6 rounds,1.021 m,530.000 mm,3.700 kg,,701 m/s,,
Colt M1911A1,https://ww2db.com/weapon.php?q=S44,United States,Handgun,11.430 mm,7 rounds,219.300 mm,127.800 mm,1.130 kg,,252 m/s,20.000 m,
Colt M1917,https://ww2db.com/weapon.php?q=S45,United States,Handgun,11.500 mm,6 rounds,274.000 mm,140.000 mm,1.100 kg,,,45.000 m,
CZ vzor 38,https://ww2db.com/weapon.php?q=S209,Czechoslovakia,Handgun,9.000 mm,8 rounds,200.000 mm,120.000 mm,0.900 kg,,,,
Danuvia 39M,https://ww2db.com/weapon.php?q=S281,Hungary,Submachine Gun,9.000 mm,40 rounds,953.000 mm,424.000 mm,3.630 kg,750 rounds/min,450 m/s,,
De Lisle Carbine,https://ww2db.com/weapon.php?q=S150,United Kingdom,Rifle,11.430 mm,11 rounds,894.000 mm,210.000 mm,3.740 kg,25 rounds/min,260 m/s,185.000 m,
Degtyaryov Pekhotny 'DP',https://ww2db.com/weapon.php?q=S63,Russia,Machine Gun,7.620 mm,47 rounds,1.270 m,604.500 mm,9.100 kg,550 rounds/min,840 m/s,800.000 m,
Degtyaryov PTRD-41,https://ww2db.com/weapon.php?q=S68,Russia,Anti-Tank Rifle,14.500 mm,1 round,2.020 m,1.350 m,17.300 kg,,"1,012 m/s",800.000 m,
DShK M1938,https://ww2db.com/weapon.php?q=S66,Russia,Machine Gun,12.700 mm,50 rounds,1.655 m,1.070 m,35.500 kg,550 rounds/min,850 m/s,,
EMP,https://ww2db.com/weapon.php?q=S279,Germany,Submachine Gun,9.000 mm,32 rounds,950.000 mm,320.000 mm,4.000 kg,550 rounds/min,380 m/s,150.000 m,
Enfield No. 2,https://ww2db.com/weapon.php?q=S33,United Kingdom,Handgun,9.700 mm,6 rounds,260.000 mm,,0.780 kg,,170 m/s,180.000 m,
FG 42,https://ww2db.com/weapon.php?q=S4,Germany,Rifle,7.920 mm,20 rounds,937.000 mm,502.000 mm,4.500 kg,900 rounds/min,760 m/s,,
Fiat-Revelli M1935,https://ww2db.com/weapon.php?q=S19,Italy,Machine Gun,8.000 mm,50 rounds,1.250 m,,18.100 kg,500 rounds/min,750 m/s,1.000 km,
FM 24/29,https://ww2db.com/weapon.php?q=S290,France,Machine Gun,7.500 mm,25 rounds,1.080 m,,8.900 kg,450 rounds/min,830 m/s,,
FN M1910,https://ww2db.com/weapon.php?q=S218,Belgium,Handgun,9.000 mm,8 rounds,178.000 mm,,0.700 kg,,,,
FNAB-43,https://ww2db.com/weapon.php?q=S283,Italy,Submachine Gun,9.000 mm,20 rounds,790.000 mm,198.000 mm,3.970 kg,400 rounds/min,381 m/s,,
Gewehr 41,https://ww2db.com/weapon.php?q=S190,Germany,Rifle,7.920 mm,10 rounds,,546.000 mm,4.100 kg,20 rounds/min,775 m/s,400.000 m,
Gewehr 43,https://ww2db.com/weapon.php?q=S7,Germany,Rifle,7.920 mm,10 rounds,1.130 m,546.000 mm,4.300 kg,,775 m/s,500.000 m,
Gewehr 98,https://ww2db.com/weapon.php?q=S230,Germany,Rifle,8.000 mm,5 rounds,1.250 m,740.000 mm,4.090 kg,30 rounds/min,878 m/s,500.000 m,
Gilsenti M1910,https://ww2db.com/weapon.php?q=S371,Italy,Handgun,9.000 mm,7 rounds,207.000 mm,100.000 mm,0.820 kg,,305 m/s,,
Glisenti M1910,https://ww2db.com/weapon.php?q=S13,Italy,Handgun,9.000 mm,7 rounds,207.000 mm,100.000 mm,0.820 kg,,305 m/s,,
Hanyang Type 88,https://ww2db.com/weapon.php?q=S346,China,Rifle,7.920 mm,5 rounds,1.250 m,740.000 mm,4.060 kg,15 rounds/min,600 m/s,500.000 m,
Hotchkiss 13.2 mm,https://ww2db.com/weapon.php?q=S242,France,Machine Gun,13.200 mm,30 rounds,1.670 m,1.000 m,37.500 kg,450 rounds/min,800 m/s,,0.05 kg
Johnson M1941,https://ww2db.com/weapon.php?q=S277,United States,Rifle,7.800 mm,10 rounds,1.165 m,560.000 mm,4.310 kg,,866 m/s,,
Johnson,https://ww2db.com/weapon.php?q=S286,United States,Machine Gun,7.620 mm,20 rounds,1.100 m,560.000 mm,5.900 kg,900 rounds/min,853 m/s,,
Karabin przeciwpancerny wzór 35,https://ww2db.com/weapon.php?q=S315,Poland,Anti-Tank Rifle,7.920 mm,4 rounds,1.760 m,1.200 m,10.000 kg,8 rounds/min,"1,275 m/s",,
KE-7,https://ww2db.com/weapon.php?q=S214,Switzerland,Machine Gun,7.920 mm,25 rounds,1.190 m,600.000 mm,8.200 kg,550 rounds/min,,,
Kg m/40,https://ww2db.com/weapon.php?q=S288,Sweden,Machine Gun,7.920 mm,20 rounds,1.307 m,,9.979 kg,480 rounds/min,745 m/s,,
KP/-31,https://ww2db.com/weapon.php?q=S285,Finland,Submachine Gun,9.000 mm,20 rounds,870.000 mm,314.000 mm,4.600 kg,750 rounds/min,396 m/s,200.000 m,
Krag-Jørgensen,https://ww2db.com/weapon.php?q=S228,Norway,Rifle,6.710 mm,5 rounds,986.000 mm,520.000 mm,3.375 kg,,600 m/s,900.000 m,
Lahti-Saloranta M/26,https://ww2db.com/weapon.php?q=S250,Finland,Machine Gun,7.620 mm,20 rounds,1.109 m,500.000 mm,9.300 kg,500 rounds/min,800 m/s,400.000 m,
Lanchester,https://ww2db.com/weapon.php?q=S37,United Kingdom,Submachine Gun,9.000 mm,50 rounds,851.000 mm,203.000 mm,4.340 kg,600 rounds/min,"1,245 m/s",150.000 m,
Lebel M1892,https://ww2db.com/weapon.php?q=S268,France,Handgun,8.000 mm,6 rounds,238.000 mm,114.000 mm,0.850 kg,,,,
Lee-Enfield No. 1 Mk III*,https://ww2db.com/weapon.php?q=S398,United Kingdom,Rifle,7.700 mm,10 rounds,1.132 m,640.000 mm,3.960 kg,20 rounds/min,744 m/s,503.000 m,
Lee-Enfield No. 4,https://ww2db.com/weapon.php?q=S35,United Kingdom,Rifle,7.700 mm,10 rounds,1.130 m,635.000 mm,4.100 kg,20 rounds/min,744 m/s,503.000 m,
Lee-Enfield No. 5,https://ww2db.com/weapon.php?q=S36,United Kingdom,Rifle,7.700 mm,10 rounds,1.003 m,,3.200 kg,20 rounds/min,,450.000 m,
Lewis,https://ww2db.com/weapon.php?q=S39,United Kingdom,Machine Gun,7.700 mm,47 rounds,965.000 mm,665.000 mm,11.800 kg,550 rounds/min,747 m/s,,
M1 Carbine,https://ww2db.com/weapon.php?q=S49,United States,Rifle,7.620 mm,15 rounds,904.000 mm,458.000 mm,2.500 kg,,600 m/s,,
M1 Garand,https://ww2db.com/weapon.php?q=S48,United States,Rifle,7.620 mm,8 rounds,1.107 m,610.000 mm,4.400 kg,16 rounds/min,840 m/s,450.000 m,
M3 'Grease Gun',https://ww2db.com/weapon.php?q=S51,United States,Submachine Gun,11.430 mm,30 rounds,756.900 mm,203.200 mm,3.700 kg,450 rounds/min,280 m/s,91.000 m,
M4 Survival,https://ww2db.com/weapon.php?q=S337,United States,Rifle,,4 rounds,360.000 mm,,1.800 kg,,,,
M50 Reising,https://ww2db.com/weapon.php?q=S186,United States,Submachine Gun,11.460 mm,12 rounds,959.000 mm,279.000 mm,3.100 kg,550 rounds/min,280 m/s,,
Madsen,https://ww2db.com/weapon.php?q=S196,Denmark,Machine Gun,7.920 mm,,1.143 m,584.000 mm,9.070 kg,450 rounds/min,870 m/s,,
Mannlicher-Schönauer M1903,https://ww2db.com/weapon.php?q=S343,Austria,Rifle,6.500 mm,5 rounds,1.226 m,725.000 mm,3.830 kg,,678 m/s,600.000 m,
MAS M1935A,https://ww2db.com/weapon.php?q=S275,France,Handgun,7.650 mm,8 rounds,194.000 mm,110.000 mm,0.670 kg,,340 m/s,,
MAS M1935S,https://ww2db.com/weapon.php?q=S276,France,Handgun,7.650 mm,8 rounds,188.000 mm,106.000 mm,0.770 kg,,340 m/s,,
Mauser C96,https://ww2db.com/weapon.php?q=S203,Germany,Handgun,7.630 mm,10 rounds,271.000 mm,99.000 mm,1.130 kg,,425 m/s,,
Mauser Kar98k,https://ww2db.com/weapon.php?q=S3,Germany,Rifle,7.920 mm,5 rounds,1.110 m,600.000 mm,3.900 kg,,760 m/s,500.000 m,
Mauser Standardmodell,https://ww2db.com/weapon.php?q=S396,Germany,Rifle,7.920 mm,5 rounds,1.100 m,600.000 mm,3.990 kg,,,,
Maxim M1910,https://ww2db.com/weapon.php?q=S64,Russia,Machine Gun,7.620 mm,250 rounds,1.067 m,721.000 mm,23.800 kg,560 rounds/min,740 m/s,,
MG 08,https://ww2db.com/weapon.php?q=S351,Germany,Machine Gun,8.000 mm,250 rounds,1.175 m,721.000 mm,26.500 kg,500 rounds/min,900 m/s,2.500 km,
MG 13,https://ww2db.com/weapon.php?q=S222,Germany,Machine Gun,7.920 mm,25 rounds,1.340 m,,13.300 kg,600 rounds/min,890 m/s,2.000 km,
MG 15,https://ww2db.com/weapon.php?q=S287,Germany,Machine Gun,7.900 mm,75 rounds,1.078 m,690.000 mm,12.400 kg,1000 rounds/min,755 m/s,,
MG 34,https://ww2db.com/weapon.php?q=S9,Germany,Machine Gun,7.920 mm,250 rounds,1.219 m,627.000 mm,12.100 kg,850 rounds/min,755 m/s,,
MG 42,https://ww2db.com/weapon.php?q=S10,Germany,Machine Gun,7.920 mm,50 rounds,1.220 m,,11.570 kg,1200 rounds/min,755 m/s,1.000 km,
Mosin-Nagant,https://ww2db.com/weapon.php?q=S58,Russia,Rifle,7.620 mm,5 rounds,1.232 m,730.000 mm,4.000 kg,,850 m/s,,
MP 34,https://ww2db.com/weapon.php?q=S359,Austria,Submachine Gun,9.000 mm,32 rounds,850.000 mm,200.000 mm,4.480 kg,500 rounds/min,410 m/s,200.000 m,
MP 35,https://ww2db.com/weapon.php?q=S204,Germany,Submachine Gun,9.000 mm,24 rounds,840.000 mm,200.000 mm,,540 rounds/min,365 m/s,200.000 m,
MP 40,https://ww2db.com/weapon.php?q=S8,Germany,Submachine Gun,9.000 mm,32 rounds,630.000 mm,251.000 mm,4.000 kg,500 rounds/min,,,
Murata,https://ww2db.com/weapon.php?q=S362,Japan,Rifle,8.000 mm,5 rounds,1.294 m,840.000 mm,4.090 kg,,435 m/s,,
Nagant M1895,https://ww2db.com/weapon.php?q=S56,Russia,Handgun,7.620 mm,7 rounds,235.000 mm,114.000 mm,0.790 kg,14 rounds/min,272 m/s,180.000 m,
OVP,https://ww2db.com/weapon.php?q=S282,Italy,Submachine Gun,9.000 mm,25 rounds,900.000 mm,,3.620 kg,900 rounds/min,301 m/s,,
Owen Machine Carbine,https://ww2db.com/weapon.php?q=S192,Australia,Submachine Gun,9.000 mm,33 rounds,806.000 mm,247.000 mm,4.210 kg,700 rounds/min,381 m/s,,
Panzerbüchse 38,https://ww2db.com/weapon.php?q=S11,Germany,Anti-Tank Rifle,7.920 mm,1 round,1.615 m,1.085 m,15.900 kg,,"1,210 m/s",,
Panzerbüchse 39,https://ww2db.com/weapon.php?q=S12,Germany,Anti-Tank Rifle,7.920 mm,1 round,1.620 m,1.085 m,12.400 kg,10 rounds/min,"1,210 m/s",,
Parabellum P08 'Luger',https://ww2db.com/weapon.php?q=S1,Germany,Handgun,9.000 mm,8 rounds,223.000 mm,102.000 mm,0.870 kg,,,,
PPD,https://ww2db.com/weapon.php?q=S60,Russia,Submachine Gun,7.620 mm,71 rounds,788.000 mm,273.000 mm,3.700 kg,800 rounds/min,489 m/s,200.000 m,
PPS,https://ww2db.com/weapon.php?q=S62,Russia,Submachine Gun,7.620 mm,35 rounds,820.000 mm,243.000 mm,3.040 kg,600 rounds/min,500 m/s,150.000 m,
PPSh-41,https://ww2db.com/weapon.php?q=S61,Russia,Submachine Gun,7.620 mm,71 rounds,843.000 mm,269.000 mm,3.630 kg,900 rounds/min,488 m/s,200.000 m,
Ross,https://ww2db.com/weapon.php?q=S376,Canada,Rifle,7.700 mm,5 rounds,1.320 m,774.000 mm,3900.000 kg,20 rounds/min,,,
Sauer 38H,https://ww2db.com/weapon.php?q=S344,Germany,Handgun,7.650 mm,8 rounds,171.000 mm,83.000 mm,0.705 kg,,,,
Schwarzlose MG M.07/12,https://ww2db.com/weapon.php?q=S289,Austria,Machine Gun,8.000 mm,250 rounds,945.000 mm,530.000 mm,20.000 kg,400 rounds/min,625 m/s,,
SG-43 Goryunov,https://ww2db.com/weapon.php?q=S65,Russia,Machine Gun,7.620 mm,250 rounds,1.150 m,720.000 mm,13.600 kg,650 rounds/min,800 m/s,,
Simonov PTRS-41,https://ww2db.com/weapon.php?q=S67,Russia,Anti-Tank Rifle,14.500 mm,5 rounds,2.020 m,1.219 m,20.800 kg,,"1,012 m/s",800.000 m,
Smith & Wesson M1917,https://ww2db.com/weapon.php?q=S46,United States,Handgun,11.500 mm,6 rounds,274.000 mm,140.000 mm,1.000 kg,,,45.000 m,
Solothurn S-18/100,https://ww2db.com/weapon.php?q=S22,Switzerland,Anti-Tank Rifle,20.000 mm,10 rounds,1.760 m,925.000 mm,45.000 kg,,735 m/s,,
Springfield M1903,https://ww2db.com/weapon.php?q=S47,United States,Rifle,7.620 mm,5 rounds,1.140 m,610.000 mm,3.900 kg,20 rounds/min,853 m/s,,
St. Étienne Mle 1907,https://ww2db.com/weapon.php?q=S342,France,Machine Gun,8.000 mm,300 rounds,1.180 m,710.000 mm,26.000 kg,650 rounds/min,724 m/s,,
Sten,https://ww2db.com/weapon.php?q=S38,United Kingdom,Submachine Gun,9.000 mm,32 rounds,760.000 mm,196.000 mm,2.900 kg,550 rounds/min,365 m/s,46.000 m,
Steyr M1912,https://ww2db.com/weapon.php?q=S272,Austria,Handgun,9.000 mm,8 rounds,216.000 mm,128.000 mm,1.200 kg,,341 m/s,50.000 m,
Steyr-Mannlicher M1895,https://ww2db.com/weapon.php?q=S223,Austria,Rifle,8.000 mm,5 rounds,1.272 m,765.000 mm,3.800 kg,,,,
Sturmgewehr 44,https://ww2db.com/weapon.php?q=S5,Germany,Rifle,7.920 mm,30 rounds,940.000 mm,419.000 mm,5.100 kg,500 rounds/min,685 m/s,300.000 m,
Thompson,https://ww2db.com/weapon.php?q=S50,United States,Submachine Gun,11.430 mm,20 rounds,811.000 mm,,4.800 kg,700 rounds/min,,,
Tokarev SVT-40,https://ww2db.com/weapon.php?q=S59,Russia,Rifle,7.620 mm,10 rounds,1.226 m,610.000 mm,3.850 kg,,840 m/s,500.000 m,
Tokarev TT-33,https://ww2db.com/weapon.php?q=S57,Russia,Handgun,7.620 mm,8 rounds,196.000 mm,116.000 mm,0.830 kg,,420 m/s,,
Type 04,https://ww2db.com/weapon.php?q=S274,Japan,Handgun,8.000 mm,,0.230 mm,0.120 mm,0.893 kg,,,,
Type 100,https://ww2db.com/weapon.php?q=S27,Japan,Submachine Gun,8.000 mm,30 rounds,900.000 mm,228.000 mm,3.380 kg,800 rounds/min,335 m/s,,
Type 11,https://ww2db.com/weapon.php?q=S215,Japan,Machine Gun,6.500 mm,30 rounds,1.100 m,443.000 mm,10.200 kg,500 rounds/min,730 m/s,,
Type 14,https://ww2db.com/weapon.php?q=S23,Japan,Handgun,8.000 mm,8 rounds,230.000 mm,117.000 mm,0.900 kg,,,,
Type 26,https://ww2db.com/weapon.php?q=S238,Japan,Handgun,9.000 mm,6 rounds,230.000 mm,120.000 mm,0.927 kg,,,,
Type 92,https://ww2db.com/weapon.php?q=S28,Japan,Machine Gun,7.700 mm,30 rounds,1.156 m,721.000 mm,55.300 kg,450 rounds/min,732 m/s,800.000 m,
Type 94,https://ww2db.com/weapon.php?q=S24,Japan,Handgun,8.000 mm,6 rounds,180.000 mm,95.000 mm,0.765 kg,,,,
Type 96,https://ww2db.com/weapon.php?q=S29,Japan,Machine Gun,6.500 mm,30 rounds,1.070 m,550.000 mm,9.100 kg,550 rounds/min,735 m/s,,
Type 97,https://ww2db.com/weapon.php?q=S30,Japan,Machine Gun,7.700 mm,30 rounds,1.193 m,711.000 mm,10.900 kg,500 rounds/min,724 m/s,,
Type 97,https://ww2db.com/weapon.php?q=S32,Japan,Anti-Tank Rifle,20.000 mm,7 rounds,2.060 m,1.200 m,69.000 kg,12 rounds/min,750 m/s,,
Type 99,https://ww2db.com/weapon.php?q=S31,Japan,Machine Gun,7.700 mm,30 rounds,1.181 m,550.000 mm,10.400 kg,850 rounds/min,715 m/s,,
TZ-45,https://ww2db.com/weapon.php?q=S284,Italy,Submachine Gun,9.000 mm,40 rounds,550.000 mm,230.000 mm,3.200 kg,800 rounds/min,380 m/s,150.000 m,
Vickers Gun,https://ww2db.com/weapon.php?q=S42,United Kingdom,Machine Gun,7.700 mm,250 rounds,1.100 m,720.000 mm,13.000 kg,450 rounds/min,,740.000 m,
Vickers K,https://ww2db.com/weapon.php?q=S187,United Kingdom,Machine Gun,7.700 mm,60 rounds,930.000 mm,,13.400 kg,950 rounds/min,,,
Vickers-Berthier,https://ww2db.com/weapon.php?q=S41,United Kingdom,Machine Gun,7.700 mm,30 rounds,1.156 m,600.000 mm,9.400 kg,500 rounds/min,745 m/s,550.000 m,
Vis,https://ww2db.com/weapon.php?q=S205,Poland,Handgun,9.000 mm,8 rounds,176.000 mm,120.000 mm,1.123 kg,,345 m/s,,
Walther P38,https://ww2db.com/weapon.php?q=S2,Germany,Handgun,9.000 mm,8 rounds,216.000 mm,125.000 mm,0.960 kg,,365 m/s,50.000 m,
Webley Mk IV,https://ww2db.com/weapon.php?q=S271,United Kingdom,Handgun,11.500 mm,6 rounds,286.000 mm,106.000 mm,1.100 kg,20 rounds/min,190 m/s,45.720 m,
Winchester Model 1897,https://ww2db.com/weapon.php?q=S259,United States,Shotgun,18.530 mm,5 rounds,1.000 m,510.000 mm,3.600 kg,,,20.000 m,
Winchester Model 1912,https://ww2db.com/weapon.php?q=S264,United States,Shotgun,18.530 mm,6 rounds,,,,,,20.000 m,
ZB vz. 24,https://ww2db.com/weapon.php?q=S350,Czechoslovakia,Rifle,8.000 mm,5 rounds,1.100 m,590.000 mm,4.200 kg,15 rounds/min,760 m/s,,
ZB vz. 26,https://ww2db.com/weapon.php?q=S212,Czechoslovakia,Machine Gun,7.920 mm,20 rounds,1.150 m,672.000 mm,10.500 kg,500 rounds/min,744 m/s,1.000 km,
ZB-53 vz. 37,https://ww2db.com/weapon.php?q=S185,Czechoslovakia,Machine Gun,7.920 mm,225 rounds,1.095 m,736.000 mm,19.000 kg,500 rounds/min,790 m/s,,
ZB-60,https://ww2db.com/weapon.php?q=S392,Czechoslovakia,Machine Gun,15.000 mm,40 rounds,2.050 m,1.400 m,55.000 kg,420 rounds/min,860 m/s,,
ZH-29,https://ww2db.com/weapon.php?q=S213,Czechoslovakia,Rifle,7.920 mm,,1.150 m,545.000 mm,4.500 kg,,,,
ZK-383,https://ww2db.com/weapon.php?q=S280,Czechoslovakia,Submachine Gun,9.000 mm,30 rounds,875.000 mm,325.000 mm,4.250 kg,500 rounds/min,"1,500 m/s",250.000 m,
